ISO-10303-21;
HEADER;
/* Generated by software containing ST-Developer
 * from STEP Tools, Inc. (www.steptools.com) 
 */

FILE_DESCRIPTION(
/* description */ (''),
/* implementation_level */ '2;1');

FILE_NAME(
/* name */ 'Shelf.step',
/* time_stamp */ '2026-06-10T14:15:22-05:00',
/* author */ (''),
/* organization */ (''),
/* preprocessor_version */ 'ST-DEVELOPER v20.1',
/* originating_system */ 'Autodesk Translation Framework v15.8.0.0',
/* authorisation */ '');

FILE_SCHEMA (('AUTOMOTIVE_DESIGN { 1 0 10303 214 3 1 1 }'));
ENDSEC;

DATA;
#10=MECHANICAL_DESIGN_GEOMETRIC_PRESENTATION_REPRESENTATION('',(#13),#2876);
#11=SHAPE_REPRESENTATION_RELATIONSHIP('SRR','None',#2886,#12);
#12=ADVANCED_BREP_SHAPE_REPRESENTATION('',(#14),#2875);
#13=STYLED_ITEM('',(#2895),#14);
#14=MANIFOLD_SOLID_BREP('Body1',#1814);
#15=CIRCLE('',#1863,0.250000000000002);
#16=CIRCLE('',#1864,0.250000000000002);
#17=CIRCLE('',#1867,0.250000000000001);
#18=CIRCLE('',#1868,0.250000000000001);
#19=CYLINDRICAL_SURFACE('',#1862,0.250000000000002);
#20=CYLINDRICAL_SURFACE('',#1866,0.250000000000001);
#21=FACE_BOUND('',#162,.T.);
#22=FACE_BOUND('',#215,.T.);
#23=FACE_BOUND('',#224,.T.);
#24=FACE_BOUND('',#225,.T.);
#25=FACE_BOUND('',#230,.T.);
#26=FACE_BOUND('',#231,.T.);
#27=FACE_BOUND('',#232,.T.);
#28=FACE_BOUND('',#233,.T.);
#29=FACE_BOUND('',#234,.T.);
#30=FACE_BOUND('',#236,.T.);
#31=FACE_BOUND('',#237,.T.);
#32=FACE_OUTER_BOUND('',#130,.T.);
#33=FACE_OUTER_BOUND('',#131,.T.);
#34=FACE_OUTER_BOUND('',#132,.T.);
#35=FACE_OUTER_BOUND('',#133,.T.);
#36=FACE_OUTER_BOUND('',#134,.T.);
#37=FACE_OUTER_BOUND('',#135,.T.);
#38=FACE_OUTER_BOUND('',#136,.T.);
#39=FACE_OUTER_BOUND('',#137,.T.);
#40=FACE_OUTER_BOUND('',#138,.T.);
#41=FACE_OUTER_BOUND('',#139,.T.);
#42=FACE_OUTER_BOUND('',#140,.T.);
#43=FACE_OUTER_BOUND('',#141,.T.);
#44=FACE_OUTER_BOUND('',#142,.T.);
#45=FACE_OUTER_BOUND('',#143,.T.);
#46=FACE_OUTER_BOUND('',#144,.T.);
#47=FACE_OUTER_BOUND('',#145,.T.);
#48=FACE_OUTER_BOUND('',#146,.T.);
#49=FACE_OUTER_BOUND('',#147,.T.);
#50=FACE_OUTER_BOUND('',#148,.T.);
#51=FACE_OUTER_BOUND('',#149,.T.);
#52=FACE_OUTER_BOUND('',#150,.T.);
#53=FACE_OUTER_BOUND('',#151,.T.);
#54=FACE_OUTER_BOUND('',#152,.T.);
#55=FACE_OUTER_BOUND('',#153,.T.);
#56=FACE_OUTER_BOUND('',#154,.T.);
#57=FACE_OUTER_BOUND('',#155,.T.);
#58=FACE_OUTER_BOUND('',#156,.T.);
#59=FACE_OUTER_BOUND('',#157,.T.);
#60=FACE_OUTER_BOUND('',#158,.T.);
#61=FACE_OUTER_BOUND('',#159,.T.);
#62=FACE_OUTER_BOUND('',#160,.T.);
#63=FACE_OUTER_BOUND('',#161,.T.);
#64=FACE_OUTER_BOUND('',#163,.T.);
#65=FACE_OUTER_BOUND('',#164,.T.);
#66=FACE_OUTER_BOUND('',#165,.T.);
#67=FACE_OUTER_BOUND('',#166,.T.);
#68=FACE_OUTER_BOUND('',#167,.T.);
#69=FACE_OUTER_BOUND('',#168,.T.);
#70=FACE_OUTER_BOUND('',#169,.T.);
#71=FACE_OUTER_BOUND('',#170,.T.);
#72=FACE_OUTER_BOUND('',#171,.T.);
#73=FACE_OUTER_BOUND('',#172,.T.);
#74=FACE_OUTER_BOUND('',#173,.T.);
#75=FACE_OUTER_BOUND('',#174,.T.);
#76=FACE_OUTER_BOUND('',#175,.T.);
#77=FACE_OUTER_BOUND('',#176,.T.);
#78=FACE_OUTER_BOUND('',#177,.T.);
#79=FACE_OUTER_BOUND('',#178,.T.);
#80=FACE_OUTER_BOUND('',#179,.T.);
#81=FACE_OUTER_BOUND('',#180,.T.);
#82=FACE_OUTER_BOUND('',#181,.T.);
#83=FACE_OUTER_BOUND('',#182,.T.);
#84=FACE_OUTER_BOUND('',#183,.T.);
#85=FACE_OUTER_BOUND('',#184,.T.);
#86=FACE_OUTER_BOUND('',#185,.T.);
#87=FACE_OUTER_BOUND('',#186,.T.);
#88=FACE_OUTER_BOUND('',#187,.T.);
#89=FACE_OUTER_BOUND('',#188,.T.);
#90=FACE_OUTER_BOUND('',#189,.T.);
#91=FACE_OUTER_BOUND('',#190,.T.);
#92=FACE_OUTER_BOUND('',#191,.T.);
#93=FACE_OUTER_BOUND('',#192,.T.);
#94=FACE_OUTER_BOUND('',#193,.T.);
#95=FACE_OUTER_BOUND('',#194,.T.);
#96=FACE_OUTER_BOUND('',#195,.T.);
#97=FACE_OUTER_BOUND('',#196,.T.);
#98=FACE_OUTER_BOUND('',#197,.T.);
#99=FACE_OUTER_BOUND('',#198,.T.);
#100=FACE_OUTER_BOUND('',#199,.T.);
#101=FACE_OUTER_BOUND('',#200,.T.);
#102=FACE_OUTER_BOUND('',#201,.T.);
#103=FACE_OUTER_BOUND('',#202,.T.);
#104=FACE_OUTER_BOUND('',#203,.T.);
#105=FACE_OUTER_BOUND('',#204,.T.);
#106=FACE_OUTER_BOUND('',#205,.T.);
#107=FACE_OUTER_BOUND('',#206,.T.);
#108=FACE_OUTER_BOUND('',#207,.T.);
#109=FACE_OUTER_BOUND('',#208,.T.);
#110=FACE_OUTER_BOUND('',#209,.T.);
#111=FACE_OUTER_BOUND('',#210,.T.);
#112=FACE_OUTER_BOUND('',#211,.T.);
#113=FACE_OUTER_BOUND('',#212,.T.);
#114=FACE_OUTER_BOUND('',#213,.T.);
#115=FACE_OUTER_BOUND('',#214,.T.);
#116=FACE_OUTER_BOUND('',#216,.T.);
#117=FACE_OUTER_BOUND('',#217,.T.);
#118=FACE_OUTER_BOUND('',#218,.T.);
#119=FACE_OUTER_BOUND('',#219,.T.);
#120=FACE_OUTER_BOUND('',#220,.T.);
#121=FACE_OUTER_BOUND('',#221,.T.);
#122=FACE_OUTER_BOUND('',#222,.T.);
#123=FACE_OUTER_BOUND('',#223,.T.);
#124=FACE_OUTER_BOUND('',#226,.T.);
#125=FACE_OUTER_BOUND('',#227,.T.);
#126=FACE_OUTER_BOUND('',#228,.T.);
#127=FACE_OUTER_BOUND('',#229,.T.);
#128=FACE_OUTER_BOUND('',#235,.T.);
#129=FACE_OUTER_BOUND('',#238,.T.);
#130=EDGE_LOOP('',(#1122,#1123,#1124,#1125));
#131=EDGE_LOOP('',(#1126,#1127,#1128,#1129));
#132=EDGE_LOOP('',(#1130,#1131,#1132,#1133));
#133=EDGE_LOOP('',(#1134,#1135,#1136,#1137));
#134=EDGE_LOOP('',(#1138,#1139,#1140,#1141));
#135=EDGE_LOOP('',(#1142,#1143,#1144,#1145));
#136=EDGE_LOOP('',(#1146,#1147,#1148,#1149));
#137=EDGE_LOOP('',(#1150,#1151,#1152,#1153));
#138=EDGE_LOOP('',(#1154,#1155,#1156,#1157));
#139=EDGE_LOOP('',(#1158,#1159,#1160,#1161));
#140=EDGE_LOOP('',(#1162,#1163,#1164,#1165));
#141=EDGE_LOOP('',(#1166,#1167,#1168,#1169));
#142=EDGE_LOOP('',(#1170,#1171,#1172,#1173));
#143=EDGE_LOOP('',(#1174,#1175,#1176,#1177));
#144=EDGE_LOOP('',(#1178,#1179,#1180,#1181));
#145=EDGE_LOOP('',(#1182,#1183,#1184,#1185));
#146=EDGE_LOOP('',(#1186,#1187,#1188,#1189));
#147=EDGE_LOOP('',(#1190,#1191,#1192,#1193));
#148=EDGE_LOOP('',(#1194,#1195,#1196,#1197));
#149=EDGE_LOOP('',(#1198,#1199,#1200,#1201));
#150=EDGE_LOOP('',(#1202,#1203,#1204,#1205));
#151=EDGE_LOOP('',(#1206,#1207,#1208,#1209));
#152=EDGE_LOOP('',(#1210,#1211,#1212,#1213));
#153=EDGE_LOOP('',(#1214,#1215,#1216,#1217));
#154=EDGE_LOOP('',(#1218,#1219,#1220,#1221));
#155=EDGE_LOOP('',(#1222,#1223,#1224,#1225));
#156=EDGE_LOOP('',(#1226,#1227,#1228,#1229));
#157=EDGE_LOOP('',(#1230,#1231,#1232,#1233));
#158=EDGE_LOOP('',(#1234,#1235,#1236,#1237));
#159=EDGE_LOOP('',(#1238,#1239,#1240,#1241));
#160=EDGE_LOOP('',(#1242,#1243,#1244,#1245));
#161=EDGE_LOOP('',(#1246,#1247,#1248,#1249));
#162=EDGE_LOOP('',(#1250,#1251,#1252,#1253));
#163=EDGE_LOOP('',(#1254,#1255,#1256,#1257));
#164=EDGE_LOOP('',(#1258,#1259,#1260,#1261));
#165=EDGE_LOOP('',(#1262,#1263,#1264,#1265));
#166=EDGE_LOOP('',(#1266));
#167=EDGE_LOOP('',(#1267,#1268,#1269,#1270));
#168=EDGE_LOOP('',(#1271));
#169=EDGE_LOOP('',(#1272,#1273,#1274,#1275));
#170=EDGE_LOOP('',(#1276,#1277,#1278,#1279));
#171=EDGE_LOOP('',(#1280,#1281,#1282,#1283,#1284,#1285));
#172=EDGE_LOOP('',(#1286,#1287,#1288,#1289,#1290,#1291));
#173=EDGE_LOOP('',(#1292,#1293,#1294,#1295,#1296,#1297));
#174=EDGE_LOOP('',(#1298,#1299,#1300,#1301));
#175=EDGE_LOOP('',(#1302,#1303,#1304,#1305));
#176=EDGE_LOOP('',(#1306,#1307,#1308,#1309));
#177=EDGE_LOOP('',(#1310,#1311,#1312,#1313));
#178=EDGE_LOOP('',(#1314,#1315,#1316,#1317));
#179=EDGE_LOOP('',(#1318,#1319,#1320,#1321));
#180=EDGE_LOOP('',(#1322,#1323,#1324,#1325));
#181=EDGE_LOOP('',(#1326,#1327,#1328,#1329));
#182=EDGE_LOOP('',(#1330,#1331,#1332,#1333,#1334,#1335));
#183=EDGE_LOOP('',(#1336,#1337,#1338,#1339,#1340,#1341));
#184=EDGE_LOOP('',(#1342,#1343,#1344,#1345,#1346,#1347,#1348));
#185=EDGE_LOOP('',(#1349,#1350,#1351,#1352));
#186=EDGE_LOOP('',(#1353,#1354,#1355,#1356,#1357,#1358,#1359,#1360,#1361,
#1362,#1363,#1364,#1365,#1366,#1367));
#187=EDGE_LOOP('',(#1368,#1369,#1370,#1371));
#188=EDGE_LOOP('',(#1372,#1373,#1374,#1375));
#189=EDGE_LOOP('',(#1376,#1377,#1378,#1379,#1380,#1381));
#190=EDGE_LOOP('',(#1382,#1383,#1384,#1385));
#191=EDGE_LOOP('',(#1386,#1387,#1388,#1389,#1390,#1391));
#192=EDGE_LOOP('',(#1392,#1393,#1394,#1395));
#193=EDGE_LOOP('',(#1396,#1397,#1398,#1399));
#194=EDGE_LOOP('',(#1400,#1401,#1402,#1403));
#195=EDGE_LOOP('',(#1404,#1405,#1406,#1407));
#196=EDGE_LOOP('',(#1408,#1409,#1410,#1411));
#197=EDGE_LOOP('',(#1412,#1413,#1414,#1415));
#198=EDGE_LOOP('',(#1416,#1417,#1418,#1419));
#199=EDGE_LOOP('',(#1420,#1421,#1422,#1423,#1424,#1425));
#200=EDGE_LOOP('',(#1426,#1427,#1428,#1429,#1430,#1431));
#201=EDGE_LOOP('',(#1432,#1433,#1434,#1435,#1436,#1437));
#202=EDGE_LOOP('',(#1438,#1439,#1440,#1441,#1442,#1443));
#203=EDGE_LOOP('',(#1444,#1445,#1446,#1447,#1448,#1449));
#204=EDGE_LOOP('',(#1450,#1451,#1452,#1453));
#205=EDGE_LOOP('',(#1454,#1455,#1456,#1457));
#206=EDGE_LOOP('',(#1458,#1459,#1460,#1461,#1462,#1463));
#207=EDGE_LOOP('',(#1464,#1465,#1466,#1467,#1468,#1469));
#208=EDGE_LOOP('',(#1470,#1471,#1472,#1473));
#209=EDGE_LOOP('',(#1474,#1475,#1476,#1477));
#210=EDGE_LOOP('',(#1478,#1479,#1480,#1481));
#211=EDGE_LOOP('',(#1482,#1483,#1484,#1485));
#212=EDGE_LOOP('',(#1486,#1487,#1488,#1489));
#213=EDGE_LOOP('',(#1490,#1491,#1492,#1493,#1494,#1495));
#214=EDGE_LOOP('',(#1496,#1497,#1498,#1499,#1500,#1501,#1502));
#215=EDGE_LOOP('',(#1503,#1504,#1505,#1506));
#216=EDGE_LOOP('',(#1507,#1508,#1509,#1510));
#217=EDGE_LOOP('',(#1511,#1512,#1513,#1514));
#218=EDGE_LOOP('',(#1515,#1516,#1517,#1518));
#219=EDGE_LOOP('',(#1519,#1520,#1521,#1522));
#220=EDGE_LOOP('',(#1523,#1524,#1525,#1526));
#221=EDGE_LOOP('',(#1527,#1528,#1529,#1530));
#222=EDGE_LOOP('',(#1531,#1532,#1533,#1534,#1535,#1536,#1537,#1538,#1539,
#1540,#1541,#1542,#1543,#1544,#1545,#1546,#1547,#1548));
#223=EDGE_LOOP('',(#1549,#1550,#1551,#1552,#1553,#1554,#1555,#1556));
#224=EDGE_LOOP('',(#1557,#1558,#1559,#1560));
#225=EDGE_LOOP('',(#1561,#1562,#1563,#1564));
#226=EDGE_LOOP('',(#1565,#1566,#1567,#1568));
#227=EDGE_LOOP('',(#1569,#1570,#1571,#1572));
#228=EDGE_LOOP('',(#1573,#1574,#1575,#1576));
#229=EDGE_LOOP('',(#1577,#1578,#1579,#1580,#1581,#1582,#1583,#1584,#1585));
#230=EDGE_LOOP('',(#1586));
#231=EDGE_LOOP('',(#1587));
#232=EDGE_LOOP('',(#1588,#1589,#1590,#1591));
#233=EDGE_LOOP('',(#1592,#1593,#1594,#1595));
#234=EDGE_LOOP('',(#1596,#1597,#1598,#1599));
#235=EDGE_LOOP('',(#1600,#1601,#1602,#1603,#1604,#1605,#1606,#1607));
#236=EDGE_LOOP('',(#1608,#1609,#1610,#1611));
#237=EDGE_LOOP('',(#1612,#1613,#1614,#1615));
#238=EDGE_LOOP('',(#1616,#1617,#1618,#1619));
#239=LINE('',#2385,#484);
#240=LINE('',#2387,#485);
#241=LINE('',#2389,#486);
#242=LINE('',#2390,#487);
#243=LINE('',#2393,#488);
#244=LINE('',#2395,#489);
#245=LINE('',#2396,#490);
#246=LINE('',#2400,#491);
#247=LINE('',#2402,#492);
#248=LINE('',#2404,#493);
#249=LINE('',#2405,#494);
#250=LINE('',#2408,#495);
#251=LINE('',#2410,#496);
#252=LINE('',#2411,#497);
#253=LINE('',#2413,#498);
#254=LINE('',#2414,#499);
#255=LINE('',#2418,#500);
#256=LINE('',#2420,#501);
#257=LINE('',#2422,#502);
#258=LINE('',#2423,#503);
#259=LINE('',#2426,#504);
#260=LINE('',#2427,#505);
#261=LINE('',#2428,#506);
#262=LINE('',#2432,#507);
#263=LINE('',#2434,#508);
#264=LINE('',#2436,#509);
#265=LINE('',#2437,#510);
#266=LINE('',#2439,#511);
#267=LINE('',#2440,#512);
#268=LINE('',#2441,#513);
#269=LINE('',#2444,#514);
#270=LINE('',#2446,#515);
#271=LINE('',#2447,#516);
#272=LINE('',#2450,#517);
#273=LINE('',#2452,#518);
#274=LINE('',#2453,#519);
#275=LINE('',#2456,#520);
#276=LINE('',#2458,#521);
#277=LINE('',#2459,#522);
#278=LINE('',#2462,#523);
#279=LINE('',#2464,#524);
#280=LINE('',#2465,#525);
#281=LINE('',#2468,#526);
#282=LINE('',#2469,#527);
#283=LINE('',#2473,#528);
#284=LINE('',#2475,#529);
#285=LINE('',#2477,#530);
#286=LINE('',#2478,#531);
#287=LINE('',#2481,#532);
#288=LINE('',#2483,#533);
#289=LINE('',#2484,#534);
#290=LINE('',#2488,#535);
#291=LINE('',#2490,#536);
#292=LINE('',#2492,#537);
#293=LINE('',#2493,#538);
#294=LINE('',#2496,#539);
#295=LINE('',#2498,#540);
#296=LINE('',#2500,#541);
#297=LINE('',#2501,#542);
#298=LINE('',#2504,#543);
#299=LINE('',#2506,#544);
#300=LINE('',#2508,#545);
#301=LINE('',#2509,#546);
#302=LINE('',#2511,#547);
#303=LINE('',#2513,#548);
#304=LINE('',#2515,#549);
#305=LINE('',#2516,#550);
#306=LINE('',#2520,#551);
#307=LINE('',#2521,#552);
#308=LINE('',#2522,#553);
#309=LINE('',#2526,#554);
#310=LINE('',#2527,#555);
#311=LINE('',#2528,#556);
#312=LINE('',#2532,#557);
#313=LINE('',#2533,#558);
#314=LINE('',#2534,#559);
#315=LINE('',#2538,#560);
#316=LINE('',#2539,#561);
#317=LINE('',#2540,#562);
#318=LINE('',#2543,#563);
#319=LINE('',#2545,#564);
#320=LINE('',#2546,#565);
#321=LINE('',#2549,#566);
#322=LINE('',#2550,#567);
#323=LINE('',#2553,#568);
#324=LINE('',#2555,#569);
#325=LINE('',#2556,#570);
#326=LINE('',#2560,#571);
#327=LINE('',#2562,#572);
#328=LINE('',#2564,#573);
#329=LINE('',#2565,#574);
#330=LINE('',#2568,#575);
#331=LINE('',#2570,#576);
#332=LINE('',#2571,#577);
#333=LINE('',#2574,#578);
#334=LINE('',#2576,#579);
#335=LINE('',#2577,#580);
#336=LINE('',#2579,#581);
#337=LINE('',#2580,#582);
#338=LINE('',#2584,#583);
#339=LINE('',#2586,#584);
#340=LINE('',#2588,#585);
#341=LINE('',#2589,#586);
#342=LINE('',#2592,#587);
#343=LINE('',#2594,#588);
#344=LINE('',#2595,#589);
#345=LINE('',#2598,#590);
#346=LINE('',#2599,#591);
#347=LINE('',#2604,#592);
#348=LINE('',#2611,#593);
#349=LINE('',#2616,#594);
#350=LINE('',#2618,#595);
#351=LINE('',#2619,#596);
#352=LINE('',#2623,#597);
#353=LINE('',#2625,#598);
#354=LINE('',#2627,#599);
#355=LINE('',#2628,#600);
#356=LINE('',#2631,#601);
#357=LINE('',#2633,#602);
#358=LINE('',#2634,#603);
#359=LINE('',#2636,#604);
#360=LINE('',#2638,#605);
#361=LINE('',#2639,#606);
#362=LINE('',#2641,#607);
#363=LINE('',#2642,#608);
#364=LINE('',#2645,#609);
#365=LINE('',#2646,#610);
#366=LINE('',#2649,#611);
#367=LINE('',#2651,#612);
#368=LINE('',#2652,#613);
#369=LINE('',#2655,#614);
#370=LINE('',#2657,#615);
#371=LINE('',#2658,#616);
#372=LINE('',#2661,#617);
#373=LINE('',#2663,#618);
#374=LINE('',#2664,#619);
#375=LINE('',#2667,#620);
#376=LINE('',#2669,#621);
#377=LINE('',#2670,#622);
#378=LINE('',#2673,#623);
#379=LINE('',#2675,#624);
#380=LINE('',#2676,#625);
#381=LINE('',#2678,#626);
#382=LINE('',#2680,#627);
#383=LINE('',#2681,#628);
#384=LINE('',#2683,#629);
#385=LINE('',#2685,#630);
#386=LINE('',#2686,#631);
#387=LINE('',#2689,#632);
#388=LINE('',#2690,#633);
#389=LINE('',#2692,#634);
#390=LINE('',#2693,#635);
#391=LINE('',#2696,#636);
#392=LINE('',#2698,#637);
#393=LINE('',#2699,#638);
#394=LINE('',#2702,#639);
#395=LINE('',#2703,#640);
#396=LINE('',#2705,#641);
#397=LINE('',#2706,#642);
#398=LINE('',#2709,#643);
#399=LINE('',#2710,#644);
#400=LINE('',#2713,#645);
#401=LINE('',#2715,#646);
#402=LINE('',#2716,#647);
#403=LINE('',#2718,#648);
#404=LINE('',#2720,#649);
#405=LINE('',#2721,#650);
#406=LINE('',#2724,#651);
#407=LINE('',#2725,#652);
#408=LINE('',#2728,#653);
#409=LINE('',#2729,#654);
#410=LINE('',#2732,#655);
#411=LINE('',#2733,#656);
#412=LINE('',#2736,#657);
#413=LINE('',#2738,#658);
#414=LINE('',#2739,#659);
#415=LINE('',#2743,#660);
#416=LINE('',#2744,#661);
#417=LINE('',#2745,#662);
#418=LINE('',#2749,#663);
#419=LINE('',#2751,#664);
#420=LINE('',#2753,#665);
#421=LINE('',#2754,#666);
#422=LINE('',#2756,#667);
#423=LINE('',#2757,#668);
#424=LINE('',#2759,#669);
#425=LINE('',#2762,#670);
#426=LINE('',#2764,#671);
#427=LINE('',#2765,#672);
#428=LINE('',#2767,#673);
#429=LINE('',#2769,#674);
#430=LINE('',#2770,#675);
#431=LINE('',#2772,#676);
#432=LINE('',#2773,#677);
#433=LINE('',#2776,#678);
#434=LINE('',#2777,#679);
#435=LINE('',#2779,#680);
#436=LINE('',#2781,#681);
#437=LINE('',#2782,#682);
#438=LINE('',#2785,#683);
#439=LINE('',#2786,#684);
#440=LINE('',#2788,#685);
#441=LINE('',#2791,#686);
#442=LINE('',#2792,#687);
#443=LINE('',#2795,#688);
#444=LINE('',#2796,#689);
#445=LINE('',#2797,#690);
#446=LINE('',#2800,#691);
#447=LINE('',#2801,#692);
#448=LINE('',#2803,#693);
#449=LINE('',#2805,#694);
#450=LINE('',#2808,#695);
#451=LINE('',#2810,#696);
#452=LINE('',#2811,#697);
#453=LINE('',#2814,#698);
#454=LINE('',#2815,#699);
#455=LINE('',#2818,#700);
#456=LINE('',#2819,#701);
#457=LINE('',#2821,#702);
#458=LINE('',#2825,#703);
#459=LINE('',#2827,#704);
#460=LINE('',#2829,#705);
#461=LINE('',#2830,#706);
#462=LINE('',#2832,#707);
#463=LINE('',#2833,#708);
#464=LINE('',#2835,#709);
#465=LINE('',#2837,#710);
#466=LINE('',#2839,#711);
#467=LINE('',#2840,#712);
#468=LINE('',#2842,#713);
#469=LINE('',#2844,#714);
#470=LINE('',#2846,#715);
#471=LINE('',#2848,#716);
#472=LINE('',#2850,#717);
#473=LINE('',#2851,#718);
#474=LINE('',#2853,#719);
#475=LINE('',#2854,#720);
#476=LINE('',#2858,#721);
#477=LINE('',#2860,#722);
#478=LINE('',#2861,#723);
#479=LINE('',#2864,#724);
#480=LINE('',#2865,#725);
#481=LINE('',#2868,#726);
#482=LINE('',#2869,#727);
#483=LINE('',#2871,#728);
#484=VECTOR('',#1934,0.393700787401575);
#485=VECTOR('',#1935,0.393700787401575);
#486=VECTOR('',#1936,0.393700787401575);
#487=VECTOR('',#1937,0.393700787401575);
#488=VECTOR('',#1940,0.393700787401575);
#489=VECTOR('',#1941,0.393700787401575);
#490=VECTOR('',#1942,0.393700787401575);
#491=VECTOR('',#1945,0.393700787401575);
#492=VECTOR('',#1946,0.393700787401575);
#493=VECTOR('',#1947,0.393700787401575);
#494=VECTOR('',#1948,0.393700787401575);
#495=VECTOR('',#1951,0.393700787401575);
#496=VECTOR('',#1952,0.393700787401575);
#497=VECTOR('',#1953,0.393700787401575);
#498=VECTOR('',#1956,0.393700787401575);
#499=VECTOR('',#1957,0.393700787401575);
#500=VECTOR('',#1960,0.393700787401575);
#501=VECTOR('',#1961,0.393700787401575);
#502=VECTOR('',#1962,0.393700787401575);
#503=VECTOR('',#1963,0.393700787401575);
#504=VECTOR('',#1966,0.393700787401575);
#505=VECTOR('',#1967,0.393700787401575);
#506=VECTOR('',#1968,0.393700787401575);
#507=VECTOR('',#1971,0.393700787401575);
#508=VECTOR('',#1972,0.393700787401575);
#509=VECTOR('',#1973,0.393700787401575);
#510=VECTOR('',#1974,0.393700787401575);
#511=VECTOR('',#1977,0.393700787401575);
#512=VECTOR('',#1978,0.393700787401575);
#513=VECTOR('',#1979,0.393700787401575);
#514=VECTOR('',#1982,0.393700787401575);
#515=VECTOR('',#1983,0.393700787401575);
#516=VECTOR('',#1984,0.393700787401575);
#517=VECTOR('',#1987,0.393700787401575);
#518=VECTOR('',#1988,0.393700787401575);
#519=VECTOR('',#1989,0.393700787401575);
#520=VECTOR('',#1992,0.393700787401575);
#521=VECTOR('',#1993,0.393700787401575);
#522=VECTOR('',#1994,0.393700787401575);
#523=VECTOR('',#1997,0.393700787401575);
#524=VECTOR('',#1998,0.393700787401575);
#525=VECTOR('',#1999,0.393700787401575);
#526=VECTOR('',#2002,0.393700787401575);
#527=VECTOR('',#2003,0.393700787401575);
#528=VECTOR('',#2006,0.393700787401575);
#529=VECTOR('',#2007,0.393700787401575);
#530=VECTOR('',#2008,0.393700787401575);
#531=VECTOR('',#2009,0.393700787401575);
#532=VECTOR('',#2012,0.393700787401575);
#533=VECTOR('',#2013,0.393700787401575);
#534=VECTOR('',#2014,0.393700787401575);
#535=VECTOR('',#2017,0.393700787401575);
#536=VECTOR('',#2018,0.393700787401575);
#537=VECTOR('',#2019,0.393700787401575);
#538=VECTOR('',#2020,0.393700787401575);
#539=VECTOR('',#2023,0.393700787401575);
#540=VECTOR('',#2024,0.393700787401575);
#541=VECTOR('',#2025,0.393700787401575);
#542=VECTOR('',#2026,0.393700787401575);
#543=VECTOR('',#2029,0.393700787401575);
#544=VECTOR('',#2030,0.393700787401575);
#545=VECTOR('',#2031,0.393700787401575);
#546=VECTOR('',#2032,0.393700787401575);
#547=VECTOR('',#2035,0.393700787401575);
#548=VECTOR('',#2036,0.393700787401575);
#549=VECTOR('',#2037,0.393700787401575);
#550=VECTOR('',#2038,0.393700787401575);
#551=VECTOR('',#2041,0.393700787401575);
#552=VECTOR('',#2042,0.393700787401575);
#553=VECTOR('',#2043,0.393700787401575);
#554=VECTOR('',#2046,0.393700787401575);
#555=VECTOR('',#2047,0.393700787401575);
#556=VECTOR('',#2048,0.393700787401575);
#557=VECTOR('',#2051,0.393700787401575);
#558=VECTOR('',#2052,0.393700787401575);
#559=VECTOR('',#2053,0.393700787401575);
#560=VECTOR('',#2056,0.393700787401575);
#561=VECTOR('',#2057,0.393700787401575);
#562=VECTOR('',#2058,0.393700787401575);
#563=VECTOR('',#2061,0.393700787401575);
#564=VECTOR('',#2062,0.393700787401575);
#565=VECTOR('',#2063,0.393700787401575);
#566=VECTOR('',#2066,0.393700787401575);
#567=VECTOR('',#2067,0.393700787401575);
#568=VECTOR('',#2070,0.393700787401575);
#569=VECTOR('',#2071,0.393700787401575);
#570=VECTOR('',#2072,0.393700787401575);
#571=VECTOR('',#2075,0.393700787401575);
#572=VECTOR('',#2076,0.393700787401575);
#573=VECTOR('',#2077,0.393700787401575);
#574=VECTOR('',#2078,0.393700787401575);
#575=VECTOR('',#2081,0.393700787401575);
#576=VECTOR('',#2082,0.393700787401575);
#577=VECTOR('',#2083,0.393700787401575);
#578=VECTOR('',#2086,0.393700787401575);
#579=VECTOR('',#2087,0.393700787401575);
#580=VECTOR('',#2088,0.393700787401575);
#581=VECTOR('',#2091,0.393700787401575);
#582=VECTOR('',#2092,0.393700787401575);
#583=VECTOR('',#2095,0.393700787401575);
#584=VECTOR('',#2096,0.393700787401575);
#585=VECTOR('',#2097,0.393700787401575);
#586=VECTOR('',#2098,0.393700787401575);
#587=VECTOR('',#2101,0.393700787401575);
#588=VECTOR('',#2102,0.393700787401575);
#589=VECTOR('',#2103,0.393700787401575);
#590=VECTOR('',#2106,0.393700787401575);
#591=VECTOR('',#2107,0.393700787401575);
#592=VECTOR('',#2112,0.250000000000002);
#593=VECTOR('',#2121,0.250000000000001);
#594=VECTOR('',#2128,0.393700787401575);
#595=VECTOR('',#2129,0.393700787401575);
#596=VECTOR('',#2130,0.393700787401575);
#597=VECTOR('',#2133,0.393700787401575);
#598=VECTOR('',#2134,0.393700787401575);
#599=VECTOR('',#2135,0.393700787401575);
#600=VECTOR('',#2136,0.393700787401575);
#601=VECTOR('',#2139,0.393700787401575);
#602=VECTOR('',#2140,0.393700787401575);
#603=VECTOR('',#2141,0.393700787401575);
#604=VECTOR('',#2144,0.393700787401575);
#605=VECTOR('',#2145,0.393700787401575);
#606=VECTOR('',#2146,0.393700787401575);
#607=VECTOR('',#2149,0.393700787401575);
#608=VECTOR('',#2150,0.393700787401575);
#609=VECTOR('',#2153,0.393700787401575);
#610=VECTOR('',#2154,0.393700787401575);
#611=VECTOR('',#2157,0.393700787401575);
#612=VECTOR('',#2158,0.393700787401575);
#613=VECTOR('',#2159,0.393700787401575);
#614=VECTOR('',#2162,0.393700787401575);
#615=VECTOR('',#2163,0.393700787401575);
#616=VECTOR('',#2164,0.393700787401575);
#617=VECTOR('',#2167,0.393700787401575);
#618=VECTOR('',#2168,0.393700787401575);
#619=VECTOR('',#2169,0.393700787401575);
#620=VECTOR('',#2172,0.393700787401575);
#621=VECTOR('',#2173,0.393700787401575);
#622=VECTOR('',#2174,0.393700787401575);
#623=VECTOR('',#2177,0.393700787401575);
#624=VECTOR('',#2178,0.393700787401575);
#625=VECTOR('',#2179,0.393700787401575);
#626=VECTOR('',#2182,0.393700787401575);
#627=VECTOR('',#2185,0.393700787401575);
#628=VECTOR('',#2186,0.393700787401575);
#629=VECTOR('',#2189,0.393700787401575);
#630=VECTOR('',#2190,0.393700787401575);
#631=VECTOR('',#2191,0.393700787401575);
#632=VECTOR('',#2194,0.393700787401575);
#633=VECTOR('',#2195,0.393700787401575);
#634=VECTOR('',#2198,0.393700787401575);
#635=VECTOR('',#2199,0.393700787401575);
#636=VECTOR('',#2202,0.393700787401575);
#637=VECTOR('',#2203,0.393700787401575);
#638=VECTOR('',#2204,0.393700787401575);
#639=VECTOR('',#2207,0.393700787401575);
#640=VECTOR('',#2208,0.393700787401575);
#641=VECTOR('',#2209,0.393700787401575);
#642=VECTOR('',#2210,0.393700787401575);
#643=VECTOR('',#2213,0.393700787401575);
#644=VECTOR('',#2214,0.393700787401575);
#645=VECTOR('',#2217,0.393700787401575);
#646=VECTOR('',#2218,0.393700787401575);
#647=VECTOR('',#2219,0.393700787401575);
#648=VECTOR('',#2222,0.393700787401575);
#649=VECTOR('',#2223,0.393700787401575);
#650=VECTOR('',#2224,0.393700787401575);
#651=VECTOR('',#2227,0.393700787401575);
#652=VECTOR('',#2228,0.393700787401575);
#653=VECTOR('',#2231,0.393700787401575);
#654=VECTOR('',#2232,0.393700787401575);
#655=VECTOR('',#2235,0.393700787401575);
#656=VECTOR('',#2236,0.393700787401575);
#657=VECTOR('',#2239,0.393700787401575);
#658=VECTOR('',#2240,0.393700787401575);
#659=VECTOR('',#2241,0.393700787401575);
#660=VECTOR('',#2244,0.393700787401575);
#661=VECTOR('',#2245,0.393700787401575);
#662=VECTOR('',#2246,0.393700787401575);
#663=VECTOR('',#2249,0.393700787401575);
#664=VECTOR('',#2250,0.393700787401575);
#665=VECTOR('',#2251,0.393700787401575);
#666=VECTOR('',#2252,0.393700787401575);
#667=VECTOR('',#2255,0.393700787401575);
#668=VECTOR('',#2256,0.393700787401575);
#669=VECTOR('',#2259,0.393700787401575);
#670=VECTOR('',#2262,0.393700787401575);
#671=VECTOR('',#2263,0.393700787401575);
#672=VECTOR('',#2264,0.393700787401575);
#673=VECTOR('',#2267,0.393700787401575);
#674=VECTOR('',#2268,0.393700787401575);
#675=VECTOR('',#2269,0.393700787401575);
#676=VECTOR('',#2272,0.393700787401575);
#677=VECTOR('',#2273,0.393700787401575);
#678=VECTOR('',#2276,0.393700787401575);
#679=VECTOR('',#2277,0.393700787401575);
#680=VECTOR('',#2280,0.393700787401575);
#681=VECTOR('',#2281,0.393700787401575);
#682=VECTOR('',#2282,0.393700787401575);
#683=VECTOR('',#2285,0.393700787401575);
#684=VECTOR('',#2286,0.393700787401575);
#685=VECTOR('',#2289,0.393700787401575);
#686=VECTOR('',#2292,0.393700787401575);
#687=VECTOR('',#2293,0.393700787401575);
#688=VECTOR('',#2296,0.393700787401575);
#689=VECTOR('',#2297,0.393700787401575);
#690=VECTOR('',#2298,0.393700787401575);
#691=VECTOR('',#2301,0.393700787401575);
#692=VECTOR('',#2302,0.393700787401575);
#693=VECTOR('',#2305,0.393700787401575);
#694=VECTOR('',#2308,0.393700787401575);
#695=VECTOR('',#2311,0.393700787401575);
#696=VECTOR('',#2312,0.393700787401575);
#697=VECTOR('',#2313,0.393700787401575);
#698=VECTOR('',#2316,0.393700787401575);
#699=VECTOR('',#2317,0.393700787401575);
#700=VECTOR('',#2320,0.393700787401575);
#701=VECTOR('',#2321,0.393700787401575);
#702=VECTOR('',#2324,0.393700787401575);
#703=VECTOR('',#2327,0.393700787401575);
#704=VECTOR('',#2328,0.393700787401575);
#705=VECTOR('',#2329,0.393700787401575);
#706=VECTOR('',#2330,0.393700787401575);
#707=VECTOR('',#2331,0.393700787401575);
#708=VECTOR('',#2332,0.393700787401575);
#709=VECTOR('',#2335,0.393700787401575);
#710=VECTOR('',#2338,0.393700787401575);
#711=VECTOR('',#2341,0.393700787401575);
#712=VECTOR('',#2342,0.393700787401575);
#713=VECTOR('',#2345,0.393700787401575);
#714=VECTOR('',#2348,0.393700787401575);
#715=VECTOR('',#2351,0.393700787401575);
#716=VECTOR('',#2354,0.393700787401575);
#717=VECTOR('',#2355,0.393700787401575);
#718=VECTOR('',#2356,0.393700787401575);
#719=VECTOR('',#2359,0.393700787401575);
#720=VECTOR('',#2360,0.393700787401575);
#721=VECTOR('',#2365,0.393700787401575);
#722=VECTOR('',#2366,0.393700787401575);
#723=VECTOR('',#2367,0.393700787401575);
#724=VECTOR('',#2370,0.393700787401575);
#725=VECTOR('',#2371,0.393700787401575);
#726=VECTOR('',#2374,0.393700787401575);
#727=VECTOR('',#2375,0.393700787401575);
#728=VECTOR('',#2378,0.393700787401575);
#729=VERTEX_POINT('',#2383);
#730=VERTEX_POINT('',#2384);
#731=VERTEX_POINT('',#2386);
#732=VERTEX_POINT('',#2388);
#733=VERTEX_POINT('',#2392);
#734=VERTEX_POINT('',#2394);
#735=VERTEX_POINT('',#2398);
#736=VERTEX_POINT('',#2399);
#737=VERTEX_POINT('',#2401);
#738=VERTEX_POINT('',#2403);
#739=VERTEX_POINT('',#2407);
#740=VERTEX_POINT('',#2409);
#741=VERTEX_POINT('',#2416);
#742=VERTEX_POINT('',#2417);
#743=VERTEX_POINT('',#2419);
#744=VERTEX_POINT('',#2421);
#745=VERTEX_POINT('',#2425);
#746=VERTEX_POINT('',#2430);
#747=VERTEX_POINT('',#2431);
#748=VERTEX_POINT('',#2433);
#749=VERTEX_POINT('',#2435);
#750=VERTEX_POINT('',#2443);
#751=VERTEX_POINT('',#2445);
#752=VERTEX_POINT('',#2449);
#753=VERTEX_POINT('',#2451);
#754=VERTEX_POINT('',#2455);
#755=VERTEX_POINT('',#2457);
#756=VERTEX_POINT('',#2461);
#757=VERTEX_POINT('',#2463);
#758=VERTEX_POINT('',#2467);
#759=VERTEX_POINT('',#2471);
#760=VERTEX_POINT('',#2472);
#761=VERTEX_POINT('',#2474);
#762=VERTEX_POINT('',#2476);
#763=VERTEX_POINT('',#2480);
#764=VERTEX_POINT('',#2482);
#765=VERTEX_POINT('',#2486);
#766=VERTEX_POINT('',#2487);
#767=VERTEX_POINT('',#2489);
#768=VERTEX_POINT('',#2491);
#769=VERTEX_POINT('',#2495);
#770=VERTEX_POINT('',#2497);
#771=VERTEX_POINT('',#2499);
#772=VERTEX_POINT('',#2503);
#773=VERTEX_POINT('',#2505);
#774=VERTEX_POINT('',#2507);
#775=VERTEX_POINT('',#2512);
#776=VERTEX_POINT('',#2514);
#777=VERTEX_POINT('',#2518);
#778=VERTEX_POINT('',#2519);
#779=VERTEX_POINT('',#2524);
#780=VERTEX_POINT('',#2525);
#781=VERTEX_POINT('',#2530);
#782=VERTEX_POINT('',#2531);
#783=VERTEX_POINT('',#2536);
#784=VERTEX_POINT('',#2537);
#785=VERTEX_POINT('',#2542);
#786=VERTEX_POINT('',#2544);
#787=VERTEX_POINT('',#2548);
#788=VERTEX_POINT('',#2552);
#789=VERTEX_POINT('',#2554);
#790=VERTEX_POINT('',#2558);
#791=VERTEX_POINT('',#2559);
#792=VERTEX_POINT('',#2561);
#793=VERTEX_POINT('',#2563);
#794=VERTEX_POINT('',#2567);
#795=VERTEX_POINT('',#2569);
#796=VERTEX_POINT('',#2573);
#797=VERTEX_POINT('',#2575);
#798=VERTEX_POINT('',#2582);
#799=VERTEX_POINT('',#2583);
#800=VERTEX_POINT('',#2585);
#801=VERTEX_POINT('',#2587);
#802=VERTEX_POINT('',#2591);
#803=VERTEX_POINT('',#2593);
#804=VERTEX_POINT('',#2597);
#805=VERTEX_POINT('',#2601);
#806=VERTEX_POINT('',#2603);
#807=VERTEX_POINT('',#2608);
#808=VERTEX_POINT('',#2610);
#809=VERTEX_POINT('',#2615);
#810=VERTEX_POINT('',#2617);
#811=VERTEX_POINT('',#2621);
#812=VERTEX_POINT('',#2622);
#813=VERTEX_POINT('',#2624);
#814=VERTEX_POINT('',#2626);
#815=VERTEX_POINT('',#2630);
#816=VERTEX_POINT('',#2632);
#817=VERTEX_POINT('',#2637);
#818=VERTEX_POINT('',#2644);
#819=VERTEX_POINT('',#2648);
#820=VERTEX_POINT('',#2650);
#821=VERTEX_POINT('',#2654);
#822=VERTEX_POINT('',#2656);
#823=VERTEX_POINT('',#2660);
#824=VERTEX_POINT('',#2662);
#825=VERTEX_POINT('',#2666);
#826=VERTEX_POINT('',#2668);
#827=VERTEX_POINT('',#2672);
#828=VERTEX_POINT('',#2674);
#829=VERTEX_POINT('',#2684);
#830=VERTEX_POINT('',#2688);
#831=VERTEX_POINT('',#2695);
#832=VERTEX_POINT('',#2697);
#833=VERTEX_POINT('',#2701);
#834=VERTEX_POINT('',#2704);
#835=VERTEX_POINT('',#2708);
#836=VERTEX_POINT('',#2712);
#837=VERTEX_POINT('',#2714);
#838=VERTEX_POINT('',#2719);
#839=VERTEX_POINT('',#2723);
#840=VERTEX_POINT('',#2727);
#841=VERTEX_POINT('',#2731);
#842=VERTEX_POINT('',#2735);
#843=VERTEX_POINT('',#2737);
#844=VERTEX_POINT('',#2741);
#845=VERTEX_POINT('',#2742);
#846=VERTEX_POINT('',#2747);
#847=VERTEX_POINT('',#2748);
#848=VERTEX_POINT('',#2750);
#849=VERTEX_POINT('',#2752);
#850=VERTEX_POINT('',#2761);
#851=VERTEX_POINT('',#2763);
#852=VERTEX_POINT('',#2768);
#853=VERTEX_POINT('',#2775);
#854=VERTEX_POINT('',#2780);
#855=VERTEX_POINT('',#2784);
#856=VERTEX_POINT('',#2790);
#857=VERTEX_POINT('',#2794);
#858=VERTEX_POINT('',#2799);
#859=VERTEX_POINT('',#2807);
#860=VERTEX_POINT('',#2809);
#861=VERTEX_POINT('',#2813);
#862=VERTEX_POINT('',#2817);
#863=VERTEX_POINT('',#2823);
#864=VERTEX_POINT('',#2824);
#865=VERTEX_POINT('',#2826);
#866=VERTEX_POINT('',#2828);
#867=VERTEX_POINT('',#2831);
#868=VERTEX_POINT('',#2849);
#869=VERTEX_POINT('',#2857);
#870=VERTEX_POINT('',#2859);
#871=VERTEX_POINT('',#2863);
#872=VERTEX_POINT('',#2867);
#873=EDGE_CURVE('',#729,#730,#239,.T.);
#874=EDGE_CURVE('',#729,#731,#240,.T.);
#875=EDGE_CURVE('',#731,#732,#241,.T.);
#876=EDGE_CURVE('',#730,#732,#242,.T.);
#877=EDGE_CURVE('',#733,#731,#243,.T.);
#878=EDGE_CURVE('',#734,#733,#244,.T.);
#879=EDGE_CURVE('',#732,#734,#245,.T.);
#880=EDGE_CURVE('',#735,#736,#246,.T.);
#881=EDGE_CURVE('',#735,#737,#247,.T.);
#882=EDGE_CURVE('',#737,#738,#248,.T.);
#883=EDGE_CURVE('',#736,#738,#249,.T.);
#884=EDGE_CURVE('',#739,#735,#250,.T.);
#885=EDGE_CURVE('',#739,#740,#251,.T.);
#886=EDGE_CURVE('',#740,#737,#252,.T.);
#887=EDGE_CURVE('',#734,#740,#253,.T.);
#888=EDGE_CURVE('',#738,#734,#254,.T.);
#889=EDGE_CURVE('',#741,#742,#255,.T.);
#890=EDGE_CURVE('',#741,#743,#256,.T.);
#891=EDGE_CURVE('',#743,#744,#257,.T.);
#892=EDGE_CURVE('',#742,#744,#258,.T.);
#893=EDGE_CURVE('',#745,#743,#259,.T.);
#894=EDGE_CURVE('',#733,#745,#260,.T.);
#895=EDGE_CURVE('',#744,#733,#261,.T.);
#896=EDGE_CURVE('',#746,#747,#262,.T.);
#897=EDGE_CURVE('',#746,#748,#263,.T.);
#898=EDGE_CURVE('',#748,#749,#264,.T.);
#899=EDGE_CURVE('',#747,#749,#265,.T.);
#900=EDGE_CURVE('',#738,#748,#266,.T.);
#901=EDGE_CURVE('',#745,#738,#267,.T.);
#902=EDGE_CURVE('',#749,#745,#268,.T.);
#903=EDGE_CURVE('',#750,#735,#269,.T.);
#904=EDGE_CURVE('',#750,#751,#270,.T.);
#905=EDGE_CURVE('',#739,#751,#271,.T.);
#906=EDGE_CURVE('',#752,#747,#272,.T.);
#907=EDGE_CURVE('',#752,#753,#273,.T.);
#908=EDGE_CURVE('',#746,#753,#274,.T.);
#909=EDGE_CURVE('',#733,#754,#275,.T.);
#910=EDGE_CURVE('',#755,#754,#276,.T.);
#911=EDGE_CURVE('',#734,#755,#277,.T.);
#912=EDGE_CURVE('',#756,#742,#278,.T.);
#913=EDGE_CURVE('',#756,#757,#279,.T.);
#914=EDGE_CURVE('',#741,#757,#280,.T.);
#915=EDGE_CURVE('',#758,#745,#281,.T.);
#916=EDGE_CURVE('',#754,#758,#282,.T.);
#917=EDGE_CURVE('',#759,#760,#283,.T.);
#918=EDGE_CURVE('',#759,#761,#284,.T.);
#919=EDGE_CURVE('',#761,#762,#285,.T.);
#920=EDGE_CURVE('',#760,#762,#286,.T.);
#921=EDGE_CURVE('',#763,#761,#287,.T.);
#922=EDGE_CURVE('',#764,#763,#288,.T.);
#923=EDGE_CURVE('',#762,#764,#289,.T.);
#924=EDGE_CURVE('',#765,#766,#290,.T.);
#925=EDGE_CURVE('',#767,#765,#291,.T.);
#926=EDGE_CURVE('',#768,#767,#292,.T.);
#927=EDGE_CURVE('',#766,#768,#293,.T.);
#928=EDGE_CURVE('',#766,#769,#294,.T.);
#929=EDGE_CURVE('',#770,#766,#295,.T.);
#930=EDGE_CURVE('',#771,#770,#296,.T.);
#931=EDGE_CURVE('',#769,#771,#297,.T.);
#932=EDGE_CURVE('',#769,#772,#298,.T.);
#933=EDGE_CURVE('',#773,#769,#299,.T.);
#934=EDGE_CURVE('',#774,#773,#300,.T.);
#935=EDGE_CURVE('',#772,#774,#301,.T.);
#936=EDGE_CURVE('',#772,#765,#302,.T.);
#937=EDGE_CURVE('',#775,#772,#303,.T.);
#938=EDGE_CURVE('',#776,#775,#304,.T.);
#939=EDGE_CURVE('',#765,#776,#305,.T.);
#940=EDGE_CURVE('',#777,#778,#306,.T.);
#941=EDGE_CURVE('',#777,#768,#307,.T.);
#942=EDGE_CURVE('',#778,#767,#308,.T.);
#943=EDGE_CURVE('',#779,#780,#309,.T.);
#944=EDGE_CURVE('',#779,#771,#310,.T.);
#945=EDGE_CURVE('',#780,#770,#311,.T.);
#946=EDGE_CURVE('',#781,#782,#312,.T.);
#947=EDGE_CURVE('',#781,#774,#313,.T.);
#948=EDGE_CURVE('',#782,#773,#314,.T.);
#949=EDGE_CURVE('',#783,#784,#315,.T.);
#950=EDGE_CURVE('',#783,#776,#316,.T.);
#951=EDGE_CURVE('',#784,#775,#317,.T.);
#952=EDGE_CURVE('',#772,#785,#318,.T.);
#953=EDGE_CURVE('',#786,#785,#319,.T.);
#954=EDGE_CURVE('',#769,#786,#320,.T.);
#955=EDGE_CURVE('',#787,#765,#321,.T.);
#956=EDGE_CURVE('',#785,#787,#322,.T.);
#957=EDGE_CURVE('',#778,#788,#323,.T.);
#958=EDGE_CURVE('',#788,#789,#324,.T.);
#959=EDGE_CURVE('',#789,#777,#325,.T.);
#960=EDGE_CURVE('',#790,#791,#326,.T.);
#961=EDGE_CURVE('',#790,#792,#327,.T.);
#962=EDGE_CURVE('',#792,#793,#328,.T.);
#963=EDGE_CURVE('',#791,#793,#329,.T.);
#964=EDGE_CURVE('',#794,#790,#330,.T.);
#965=EDGE_CURVE('',#794,#795,#331,.T.);
#966=EDGE_CURVE('',#795,#792,#332,.T.);
#967=EDGE_CURVE('',#796,#794,#333,.T.);
#968=EDGE_CURVE('',#796,#797,#334,.T.);
#969=EDGE_CURVE('',#797,#795,#335,.T.);
#970=EDGE_CURVE('',#791,#796,#336,.T.);
#971=EDGE_CURVE('',#793,#797,#337,.T.);
#972=EDGE_CURVE('',#798,#799,#338,.T.);
#973=EDGE_CURVE('',#800,#798,#339,.T.);
#974=EDGE_CURVE('',#801,#800,#340,.T.);
#975=EDGE_CURVE('',#799,#801,#341,.T.);
#976=EDGE_CURVE('',#798,#802,#342,.T.);
#977=EDGE_CURVE('',#803,#802,#343,.T.);
#978=EDGE_CURVE('',#800,#803,#344,.T.);
#979=EDGE_CURVE('',#799,#804,#345,.T.);
#980=EDGE_CURVE('',#802,#804,#346,.T.);
#981=EDGE_CURVE('',#805,#805,#15,.T.);
#982=EDGE_CURVE('',#805,#806,#347,.T.);
#983=EDGE_CURVE('',#806,#806,#16,.T.);
#984=EDGE_CURVE('',#807,#807,#17,.T.);
#985=EDGE_CURVE('',#807,#808,#348,.T.);
#986=EDGE_CURVE('',#808,#808,#18,.T.);
#987=EDGE_CURVE('',#809,#760,#349,.T.);
#988=EDGE_CURVE('',#809,#810,#350,.T.);
#989=EDGE_CURVE('',#759,#810,#351,.T.);
#990=EDGE_CURVE('',#811,#812,#352,.T.);
#991=EDGE_CURVE('',#813,#812,#353,.T.);
#992=EDGE_CURVE('',#814,#813,#354,.T.);
#993=EDGE_CURVE('',#811,#814,#355,.T.);
#994=EDGE_CURVE('',#815,#810,#356,.T.);
#995=EDGE_CURVE('',#816,#815,#357,.T.);
#996=EDGE_CURVE('',#816,#763,#358,.T.);
#997=EDGE_CURVE('',#764,#787,#359,.T.);
#998=EDGE_CURVE('',#787,#817,#360,.T.);
#999=EDGE_CURVE('',#809,#817,#361,.T.);
#1000=EDGE_CURVE('',#752,#812,#362,.T.);
#1001=EDGE_CURVE('',#745,#813,#363,.T.);
#1002=EDGE_CURVE('',#738,#818,#364,.T.);
#1003=EDGE_CURVE('',#758,#818,#365,.T.);
#1004=EDGE_CURVE('',#819,#818,#366,.T.);
#1005=EDGE_CURVE('',#819,#820,#367,.T.);
#1006=EDGE_CURVE('',#758,#820,#368,.T.);
#1007=EDGE_CURVE('',#754,#821,#369,.T.);
#1008=EDGE_CURVE('',#822,#758,#370,.T.);
#1009=EDGE_CURVE('',#822,#821,#371,.T.);
#1010=EDGE_CURVE('',#755,#823,#372,.T.);
#1011=EDGE_CURVE('',#824,#754,#373,.T.);
#1012=EDGE_CURVE('',#824,#823,#374,.T.);
#1013=EDGE_CURVE('',#825,#730,#375,.T.);
#1014=EDGE_CURVE('',#825,#826,#376,.T.);
#1015=EDGE_CURVE('',#729,#826,#377,.T.);
#1016=EDGE_CURVE('',#750,#827,#378,.T.);
#1017=EDGE_CURVE('',#828,#827,#379,.T.);
#1018=EDGE_CURVE('',#751,#828,#380,.T.);
#1019=EDGE_CURVE('',#818,#755,#381,.T.);
#1020=EDGE_CURVE('',#828,#755,#382,.T.);
#1021=EDGE_CURVE('',#818,#827,#383,.T.);
#1022=EDGE_CURVE('',#785,#733,#384,.T.);
#1023=EDGE_CURVE('',#829,#785,#385,.T.);
#1024=EDGE_CURVE('',#829,#756,#386,.T.);
#1025=EDGE_CURVE('',#830,#826,#387,.T.);
#1026=EDGE_CURVE('',#785,#830,#388,.T.);
#1027=EDGE_CURVE('',#814,#736,#389,.T.);
#1028=EDGE_CURVE('',#811,#753,#390,.T.);
#1029=EDGE_CURVE('',#818,#831,#391,.T.);
#1030=EDGE_CURVE('',#832,#831,#392,.T.);
#1031=EDGE_CURVE('',#819,#832,#393,.T.);
#1032=EDGE_CURVE('',#833,#816,#394,.T.);
#1033=EDGE_CURVE('',#833,#750,#395,.T.);
#1034=EDGE_CURVE('',#757,#834,#396,.T.);
#1035=EDGE_CURVE('',#834,#787,#397,.T.);
#1036=EDGE_CURVE('',#827,#835,#398,.T.);
#1037=EDGE_CURVE('',#831,#835,#399,.T.);
#1038=EDGE_CURVE('',#823,#836,#400,.T.);
#1039=EDGE_CURVE('',#837,#836,#401,.T.);
#1040=EDGE_CURVE('',#755,#837,#402,.T.);
#1041=EDGE_CURVE('',#786,#734,#403,.T.);
#1042=EDGE_CURVE('',#786,#838,#404,.T.);
#1043=EDGE_CURVE('',#838,#825,#405,.T.);
#1044=EDGE_CURVE('',#839,#837,#406,.T.);
#1045=EDGE_CURVE('',#828,#839,#407,.T.);
#1046=EDGE_CURVE('',#840,#751,#408,.T.);
#1047=EDGE_CURVE('',#840,#786,#409,.T.);
#1048=EDGE_CURVE('',#841,#803,#410,.T.);
#1049=EDGE_CURVE('',#801,#841,#411,.T.);
#1050=EDGE_CURVE('',#842,#803,#412,.T.);
#1051=EDGE_CURVE('',#842,#843,#413,.T.);
#1052=EDGE_CURVE('',#841,#843,#414,.T.);
#1053=EDGE_CURVE('',#844,#845,#415,.T.);
#1054=EDGE_CURVE('',#803,#845,#416,.T.);
#1055=EDGE_CURVE('',#844,#802,#417,.T.);
#1056=EDGE_CURVE('',#846,#847,#418,.T.);
#1057=EDGE_CURVE('',#847,#848,#419,.T.);
#1058=EDGE_CURVE('',#849,#848,#420,.T.);
#1059=EDGE_CURVE('',#846,#849,#421,.T.);
#1060=EDGE_CURVE('',#802,#848,#422,.T.);
#1061=EDGE_CURVE('',#849,#804,#423,.T.);
#1062=EDGE_CURVE('',#804,#841,#424,.T.);
#1063=EDGE_CURVE('',#804,#850,#425,.T.);
#1064=EDGE_CURVE('',#851,#841,#426,.T.);
#1065=EDGE_CURVE('',#851,#850,#427,.T.);
#1066=EDGE_CURVE('',#765,#803,#428,.T.);
#1067=EDGE_CURVE('',#852,#783,#429,.T.);
#1068=EDGE_CURVE('',#842,#852,#430,.T.);
#1069=EDGE_CURVE('',#802,#766,#431,.T.);
#1070=EDGE_CURVE('',#844,#789,#432,.T.);
#1071=EDGE_CURVE('',#848,#853,#433,.T.);
#1072=EDGE_CURVE('',#780,#853,#434,.T.);
#1073=EDGE_CURVE('',#804,#769,#435,.T.);
#1074=EDGE_CURVE('',#854,#779,#436,.T.);
#1075=EDGE_CURVE('',#849,#854,#437,.T.);
#1076=EDGE_CURVE('',#850,#855,#438,.T.);
#1077=EDGE_CURVE('',#782,#855,#439,.T.);
#1078=EDGE_CURVE('',#853,#854,#440,.T.);
#1079=EDGE_CURVE('',#856,#832,#441,.T.);
#1080=EDGE_CURVE('',#835,#856,#442,.T.);
#1081=EDGE_CURVE('',#843,#857,#443,.T.);
#1082=EDGE_CURVE('',#784,#857,#444,.T.);
#1083=EDGE_CURVE('',#841,#772,#445,.T.);
#1084=EDGE_CURVE('',#858,#781,#446,.T.);
#1085=EDGE_CURVE('',#851,#858,#447,.T.);
#1086=EDGE_CURVE('',#857,#852,#448,.T.);
#1087=EDGE_CURVE('',#855,#858,#449,.T.);
#1088=EDGE_CURVE('',#754,#859,#450,.T.);
#1089=EDGE_CURVE('',#860,#859,#451,.T.);
#1090=EDGE_CURVE('',#824,#860,#452,.T.);
#1091=EDGE_CURVE('',#821,#861,#453,.T.);
#1092=EDGE_CURVE('',#859,#861,#454,.T.);
#1093=EDGE_CURVE('',#862,#860,#455,.T.);
#1094=EDGE_CURVE('',#861,#862,#456,.T.);
#1095=EDGE_CURVE('',#845,#788,#457,.T.);
#1096=EDGE_CURVE('',#863,#864,#458,.T.);
#1097=EDGE_CURVE('',#864,#865,#459,.T.);
#1098=EDGE_CURVE('',#866,#865,#460,.T.);
#1099=EDGE_CURVE('',#847,#866,#461,.T.);
#1100=EDGE_CURVE('',#867,#846,#462,.T.);
#1101=EDGE_CURVE('',#863,#867,#463,.T.);
#1102=EDGE_CURVE('',#830,#838,#464,.T.);
#1103=EDGE_CURVE('',#834,#829,#465,.T.);
#1104=EDGE_CURVE('',#816,#786,#466,.T.);
#1105=EDGE_CURVE('',#766,#816,#467,.T.);
#1106=EDGE_CURVE('',#840,#833,#468,.T.);
#1107=EDGE_CURVE('',#787,#816,#469,.T.);
#1108=EDGE_CURVE('',#815,#817,#470,.T.);
#1109=EDGE_CURVE('',#866,#856,#471,.T.);
#1110=EDGE_CURVE('',#868,#839,#472,.T.);
#1111=EDGE_CURVE('',#867,#868,#473,.T.);
#1112=EDGE_CURVE('',#863,#862,#474,.T.);
#1113=EDGE_CURVE('',#836,#868,#475,.T.);
#1114=EDGE_CURVE('',#869,#758,#476,.T.);
#1115=EDGE_CURVE('',#869,#870,#477,.T.);
#1116=EDGE_CURVE('',#870,#822,#478,.T.);
#1117=EDGE_CURVE('',#871,#820,#479,.T.);
#1118=EDGE_CURVE('',#871,#869,#480,.T.);
#1119=EDGE_CURVE('',#872,#864,#481,.T.);
#1120=EDGE_CURVE('',#872,#871,#482,.T.);
#1121=EDGE_CURVE('',#870,#872,#483,.T.);
#1122=ORIENTED_EDGE('',*,*,#873,.F.);
#1123=ORIENTED_EDGE('',*,*,#874,.T.);
#1124=ORIENTED_EDGE('',*,*,#875,.T.);
#1125=ORIENTED_EDGE('',*,*,#876,.F.);
#1126=ORIENTED_EDGE('',*,*,#877,.F.);
#1127=ORIENTED_EDGE('',*,*,#878,.F.);
#1128=ORIENTED_EDGE('',*,*,#879,.F.);
#1129=ORIENTED_EDGE('',*,*,#875,.F.);
#1130=ORIENTED_EDGE('',*,*,#880,.F.);
#1131=ORIENTED_EDGE('',*,*,#881,.T.);
#1132=ORIENTED_EDGE('',*,*,#882,.T.);
#1133=ORIENTED_EDGE('',*,*,#883,.F.);
#1134=ORIENTED_EDGE('',*,*,#884,.F.);
#1135=ORIENTED_EDGE('',*,*,#885,.T.);
#1136=ORIENTED_EDGE('',*,*,#886,.T.);
#1137=ORIENTED_EDGE('',*,*,#881,.F.);
#1138=ORIENTED_EDGE('',*,*,#887,.F.);
#1139=ORIENTED_EDGE('',*,*,#888,.F.);
#1140=ORIENTED_EDGE('',*,*,#882,.F.);
#1141=ORIENTED_EDGE('',*,*,#886,.F.);
#1142=ORIENTED_EDGE('',*,*,#889,.F.);
#1143=ORIENTED_EDGE('',*,*,#890,.T.);
#1144=ORIENTED_EDGE('',*,*,#891,.T.);
#1145=ORIENTED_EDGE('',*,*,#892,.F.);
#1146=ORIENTED_EDGE('',*,*,#893,.F.);
#1147=ORIENTED_EDGE('',*,*,#894,.F.);
#1148=ORIENTED_EDGE('',*,*,#895,.F.);
#1149=ORIENTED_EDGE('',*,*,#891,.F.);
#1150=ORIENTED_EDGE('',*,*,#896,.F.);
#1151=ORIENTED_EDGE('',*,*,#897,.T.);
#1152=ORIENTED_EDGE('',*,*,#898,.T.);
#1153=ORIENTED_EDGE('',*,*,#899,.F.);
#1154=ORIENTED_EDGE('',*,*,#900,.F.);
#1155=ORIENTED_EDGE('',*,*,#901,.F.);
#1156=ORIENTED_EDGE('',*,*,#902,.F.);
#1157=ORIENTED_EDGE('',*,*,#898,.F.);
#1158=ORIENTED_EDGE('',*,*,#884,.T.);
#1159=ORIENTED_EDGE('',*,*,#903,.F.);
#1160=ORIENTED_EDGE('',*,*,#904,.T.);
#1161=ORIENTED_EDGE('',*,*,#905,.F.);
#1162=ORIENTED_EDGE('',*,*,#896,.T.);
#1163=ORIENTED_EDGE('',*,*,#906,.F.);
#1164=ORIENTED_EDGE('',*,*,#907,.T.);
#1165=ORIENTED_EDGE('',*,*,#908,.F.);
#1166=ORIENTED_EDGE('',*,*,#878,.T.);
#1167=ORIENTED_EDGE('',*,*,#909,.T.);
#1168=ORIENTED_EDGE('',*,*,#910,.F.);
#1169=ORIENTED_EDGE('',*,*,#911,.F.);
#1170=ORIENTED_EDGE('',*,*,#889,.T.);
#1171=ORIENTED_EDGE('',*,*,#912,.F.);
#1172=ORIENTED_EDGE('',*,*,#913,.T.);
#1173=ORIENTED_EDGE('',*,*,#914,.F.);
#1174=ORIENTED_EDGE('',*,*,#894,.T.);
#1175=ORIENTED_EDGE('',*,*,#915,.F.);
#1176=ORIENTED_EDGE('',*,*,#916,.F.);
#1177=ORIENTED_EDGE('',*,*,#909,.F.);
#1178=ORIENTED_EDGE('',*,*,#917,.F.);
#1179=ORIENTED_EDGE('',*,*,#918,.T.);
#1180=ORIENTED_EDGE('',*,*,#919,.T.);
#1181=ORIENTED_EDGE('',*,*,#920,.F.);
#1182=ORIENTED_EDGE('',*,*,#921,.F.);
#1183=ORIENTED_EDGE('',*,*,#922,.F.);
#1184=ORIENTED_EDGE('',*,*,#923,.F.);
#1185=ORIENTED_EDGE('',*,*,#919,.F.);
#1186=ORIENTED_EDGE('',*,*,#924,.F.);
#1187=ORIENTED_EDGE('',*,*,#925,.F.);
#1188=ORIENTED_EDGE('',*,*,#926,.F.);
#1189=ORIENTED_EDGE('',*,*,#927,.F.);
#1190=ORIENTED_EDGE('',*,*,#928,.F.);
#1191=ORIENTED_EDGE('',*,*,#929,.F.);
#1192=ORIENTED_EDGE('',*,*,#930,.F.);
#1193=ORIENTED_EDGE('',*,*,#931,.F.);
#1194=ORIENTED_EDGE('',*,*,#932,.F.);
#1195=ORIENTED_EDGE('',*,*,#933,.F.);
#1196=ORIENTED_EDGE('',*,*,#934,.F.);
#1197=ORIENTED_EDGE('',*,*,#935,.F.);
#1198=ORIENTED_EDGE('',*,*,#936,.F.);
#1199=ORIENTED_EDGE('',*,*,#937,.F.);
#1200=ORIENTED_EDGE('',*,*,#938,.F.);
#1201=ORIENTED_EDGE('',*,*,#939,.F.);
#1202=ORIENTED_EDGE('',*,*,#940,.F.);
#1203=ORIENTED_EDGE('',*,*,#941,.T.);
#1204=ORIENTED_EDGE('',*,*,#926,.T.);
#1205=ORIENTED_EDGE('',*,*,#942,.F.);
#1206=ORIENTED_EDGE('',*,*,#943,.F.);
#1207=ORIENTED_EDGE('',*,*,#944,.T.);
#1208=ORIENTED_EDGE('',*,*,#930,.T.);
#1209=ORIENTED_EDGE('',*,*,#945,.F.);
#1210=ORIENTED_EDGE('',*,*,#946,.F.);
#1211=ORIENTED_EDGE('',*,*,#947,.T.);
#1212=ORIENTED_EDGE('',*,*,#934,.T.);
#1213=ORIENTED_EDGE('',*,*,#948,.F.);
#1214=ORIENTED_EDGE('',*,*,#949,.F.);
#1215=ORIENTED_EDGE('',*,*,#950,.T.);
#1216=ORIENTED_EDGE('',*,*,#938,.T.);
#1217=ORIENTED_EDGE('',*,*,#951,.F.);
#1218=ORIENTED_EDGE('',*,*,#932,.T.);
#1219=ORIENTED_EDGE('',*,*,#952,.T.);
#1220=ORIENTED_EDGE('',*,*,#953,.F.);
#1221=ORIENTED_EDGE('',*,*,#954,.F.);
#1222=ORIENTED_EDGE('',*,*,#936,.T.);
#1223=ORIENTED_EDGE('',*,*,#955,.F.);
#1224=ORIENTED_EDGE('',*,*,#956,.F.);
#1225=ORIENTED_EDGE('',*,*,#952,.F.);
#1226=ORIENTED_EDGE('',*,*,#940,.T.);
#1227=ORIENTED_EDGE('',*,*,#957,.T.);
#1228=ORIENTED_EDGE('',*,*,#958,.T.);
#1229=ORIENTED_EDGE('',*,*,#959,.T.);
#1230=ORIENTED_EDGE('',*,*,#960,.F.);
#1231=ORIENTED_EDGE('',*,*,#961,.T.);
#1232=ORIENTED_EDGE('',*,*,#962,.T.);
#1233=ORIENTED_EDGE('',*,*,#963,.F.);
#1234=ORIENTED_EDGE('',*,*,#964,.F.);
#1235=ORIENTED_EDGE('',*,*,#965,.T.);
#1236=ORIENTED_EDGE('',*,*,#966,.T.);
#1237=ORIENTED_EDGE('',*,*,#961,.F.);
#1238=ORIENTED_EDGE('',*,*,#967,.F.);
#1239=ORIENTED_EDGE('',*,*,#968,.T.);
#1240=ORIENTED_EDGE('',*,*,#969,.T.);
#1241=ORIENTED_EDGE('',*,*,#965,.F.);
#1242=ORIENTED_EDGE('',*,*,#970,.F.);
#1243=ORIENTED_EDGE('',*,*,#963,.T.);
#1244=ORIENTED_EDGE('',*,*,#971,.T.);
#1245=ORIENTED_EDGE('',*,*,#968,.F.);
#1246=ORIENTED_EDGE('',*,*,#971,.F.);
#1247=ORIENTED_EDGE('',*,*,#962,.F.);
#1248=ORIENTED_EDGE('',*,*,#966,.F.);
#1249=ORIENTED_EDGE('',*,*,#969,.F.);
#1250=ORIENTED_EDGE('',*,*,#972,.F.);
#1251=ORIENTED_EDGE('',*,*,#973,.F.);
#1252=ORIENTED_EDGE('',*,*,#974,.F.);
#1253=ORIENTED_EDGE('',*,*,#975,.F.);
#1254=ORIENTED_EDGE('',*,*,#973,.T.);
#1255=ORIENTED_EDGE('',*,*,#976,.T.);
#1256=ORIENTED_EDGE('',*,*,#977,.F.);
#1257=ORIENTED_EDGE('',*,*,#978,.F.);
#1258=ORIENTED_EDGE('',*,*,#972,.T.);
#1259=ORIENTED_EDGE('',*,*,#979,.T.);
#1260=ORIENTED_EDGE('',*,*,#980,.F.);
#1261=ORIENTED_EDGE('',*,*,#976,.F.);
#1262=ORIENTED_EDGE('',*,*,#981,.F.);
#1263=ORIENTED_EDGE('',*,*,#982,.T.);
#1264=ORIENTED_EDGE('',*,*,#983,.F.);
#1265=ORIENTED_EDGE('',*,*,#982,.F.);
#1266=ORIENTED_EDGE('',*,*,#981,.T.);
#1267=ORIENTED_EDGE('',*,*,#984,.F.);
#1268=ORIENTED_EDGE('',*,*,#985,.T.);
#1269=ORIENTED_EDGE('',*,*,#986,.F.);
#1270=ORIENTED_EDGE('',*,*,#985,.F.);
#1271=ORIENTED_EDGE('',*,*,#984,.T.);
#1272=ORIENTED_EDGE('',*,*,#917,.T.);
#1273=ORIENTED_EDGE('',*,*,#987,.F.);
#1274=ORIENTED_EDGE('',*,*,#988,.T.);
#1275=ORIENTED_EDGE('',*,*,#989,.F.);
#1276=ORIENTED_EDGE('',*,*,#990,.T.);
#1277=ORIENTED_EDGE('',*,*,#991,.F.);
#1278=ORIENTED_EDGE('',*,*,#992,.F.);
#1279=ORIENTED_EDGE('',*,*,#993,.F.);
#1280=ORIENTED_EDGE('',*,*,#989,.T.);
#1281=ORIENTED_EDGE('',*,*,#994,.F.);
#1282=ORIENTED_EDGE('',*,*,#995,.F.);
#1283=ORIENTED_EDGE('',*,*,#996,.T.);
#1284=ORIENTED_EDGE('',*,*,#921,.T.);
#1285=ORIENTED_EDGE('',*,*,#918,.F.);
#1286=ORIENTED_EDGE('',*,*,#987,.T.);
#1287=ORIENTED_EDGE('',*,*,#920,.T.);
#1288=ORIENTED_EDGE('',*,*,#923,.T.);
#1289=ORIENTED_EDGE('',*,*,#997,.T.);
#1290=ORIENTED_EDGE('',*,*,#998,.T.);
#1291=ORIENTED_EDGE('',*,*,#999,.F.);
#1292=ORIENTED_EDGE('',*,*,#991,.T.);
#1293=ORIENTED_EDGE('',*,*,#1000,.F.);
#1294=ORIENTED_EDGE('',*,*,#906,.T.);
#1295=ORIENTED_EDGE('',*,*,#899,.T.);
#1296=ORIENTED_EDGE('',*,*,#902,.T.);
#1297=ORIENTED_EDGE('',*,*,#1001,.T.);
#1298=ORIENTED_EDGE('',*,*,#901,.T.);
#1299=ORIENTED_EDGE('',*,*,#1002,.T.);
#1300=ORIENTED_EDGE('',*,*,#1003,.F.);
#1301=ORIENTED_EDGE('',*,*,#915,.T.);
#1302=ORIENTED_EDGE('',*,*,#1003,.T.);
#1303=ORIENTED_EDGE('',*,*,#1004,.F.);
#1304=ORIENTED_EDGE('',*,*,#1005,.T.);
#1305=ORIENTED_EDGE('',*,*,#1006,.F.);
#1306=ORIENTED_EDGE('',*,*,#1007,.F.);
#1307=ORIENTED_EDGE('',*,*,#916,.T.);
#1308=ORIENTED_EDGE('',*,*,#1008,.F.);
#1309=ORIENTED_EDGE('',*,*,#1009,.T.);
#1310=ORIENTED_EDGE('',*,*,#1010,.F.);
#1311=ORIENTED_EDGE('',*,*,#910,.T.);
#1312=ORIENTED_EDGE('',*,*,#1011,.F.);
#1313=ORIENTED_EDGE('',*,*,#1012,.T.);
#1314=ORIENTED_EDGE('',*,*,#873,.T.);
#1315=ORIENTED_EDGE('',*,*,#1013,.F.);
#1316=ORIENTED_EDGE('',*,*,#1014,.T.);
#1317=ORIENTED_EDGE('',*,*,#1015,.F.);
#1318=ORIENTED_EDGE('',*,*,#904,.F.);
#1319=ORIENTED_EDGE('',*,*,#1016,.T.);
#1320=ORIENTED_EDGE('',*,*,#1017,.F.);
#1321=ORIENTED_EDGE('',*,*,#1018,.F.);
#1322=ORIENTED_EDGE('',*,*,#888,.T.);
#1323=ORIENTED_EDGE('',*,*,#911,.T.);
#1324=ORIENTED_EDGE('',*,*,#1019,.F.);
#1325=ORIENTED_EDGE('',*,*,#1002,.F.);
#1326=ORIENTED_EDGE('',*,*,#1019,.T.);
#1327=ORIENTED_EDGE('',*,*,#1020,.F.);
#1328=ORIENTED_EDGE('',*,*,#1017,.T.);
#1329=ORIENTED_EDGE('',*,*,#1021,.F.);
#1330=ORIENTED_EDGE('',*,*,#912,.T.);
#1331=ORIENTED_EDGE('',*,*,#892,.T.);
#1332=ORIENTED_EDGE('',*,*,#895,.T.);
#1333=ORIENTED_EDGE('',*,*,#1022,.F.);
#1334=ORIENTED_EDGE('',*,*,#1023,.F.);
#1335=ORIENTED_EDGE('',*,*,#1024,.T.);
#1336=ORIENTED_EDGE('',*,*,#1015,.T.);
#1337=ORIENTED_EDGE('',*,*,#1025,.F.);
#1338=ORIENTED_EDGE('',*,*,#1026,.F.);
#1339=ORIENTED_EDGE('',*,*,#1022,.T.);
#1340=ORIENTED_EDGE('',*,*,#877,.T.);
#1341=ORIENTED_EDGE('',*,*,#874,.F.);
#1342=ORIENTED_EDGE('',*,*,#993,.T.);
#1343=ORIENTED_EDGE('',*,*,#1027,.T.);
#1344=ORIENTED_EDGE('',*,*,#883,.T.);
#1345=ORIENTED_EDGE('',*,*,#900,.T.);
#1346=ORIENTED_EDGE('',*,*,#897,.F.);
#1347=ORIENTED_EDGE('',*,*,#908,.T.);
#1348=ORIENTED_EDGE('',*,*,#1028,.F.);
#1349=ORIENTED_EDGE('',*,*,#1004,.T.);
#1350=ORIENTED_EDGE('',*,*,#1029,.T.);
#1351=ORIENTED_EDGE('',*,*,#1030,.F.);
#1352=ORIENTED_EDGE('',*,*,#1031,.F.);
#1353=ORIENTED_EDGE('',*,*,#996,.F.);
#1354=ORIENTED_EDGE('',*,*,#1032,.F.);
#1355=ORIENTED_EDGE('',*,*,#1033,.T.);
#1356=ORIENTED_EDGE('',*,*,#903,.T.);
#1357=ORIENTED_EDGE('',*,*,#880,.T.);
#1358=ORIENTED_EDGE('',*,*,#1027,.F.);
#1359=ORIENTED_EDGE('',*,*,#992,.T.);
#1360=ORIENTED_EDGE('',*,*,#1001,.F.);
#1361=ORIENTED_EDGE('',*,*,#893,.T.);
#1362=ORIENTED_EDGE('',*,*,#890,.F.);
#1363=ORIENTED_EDGE('',*,*,#914,.T.);
#1364=ORIENTED_EDGE('',*,*,#1034,.T.);
#1365=ORIENTED_EDGE('',*,*,#1035,.T.);
#1366=ORIENTED_EDGE('',*,*,#997,.F.);
#1367=ORIENTED_EDGE('',*,*,#922,.T.);
#1368=ORIENTED_EDGE('',*,*,#1021,.T.);
#1369=ORIENTED_EDGE('',*,*,#1036,.T.);
#1370=ORIENTED_EDGE('',*,*,#1037,.F.);
#1371=ORIENTED_EDGE('',*,*,#1029,.F.);
#1372=ORIENTED_EDGE('',*,*,#1010,.T.);
#1373=ORIENTED_EDGE('',*,*,#1038,.T.);
#1374=ORIENTED_EDGE('',*,*,#1039,.F.);
#1375=ORIENTED_EDGE('',*,*,#1040,.F.);
#1376=ORIENTED_EDGE('',*,*,#1013,.T.);
#1377=ORIENTED_EDGE('',*,*,#876,.T.);
#1378=ORIENTED_EDGE('',*,*,#879,.T.);
#1379=ORIENTED_EDGE('',*,*,#1041,.F.);
#1380=ORIENTED_EDGE('',*,*,#1042,.T.);
#1381=ORIENTED_EDGE('',*,*,#1043,.T.);
#1382=ORIENTED_EDGE('',*,*,#1020,.T.);
#1383=ORIENTED_EDGE('',*,*,#1040,.T.);
#1384=ORIENTED_EDGE('',*,*,#1044,.F.);
#1385=ORIENTED_EDGE('',*,*,#1045,.F.);
#1386=ORIENTED_EDGE('',*,*,#905,.T.);
#1387=ORIENTED_EDGE('',*,*,#1046,.F.);
#1388=ORIENTED_EDGE('',*,*,#1047,.T.);
#1389=ORIENTED_EDGE('',*,*,#1041,.T.);
#1390=ORIENTED_EDGE('',*,*,#887,.T.);
#1391=ORIENTED_EDGE('',*,*,#885,.F.);
#1392=ORIENTED_EDGE('',*,*,#974,.T.);
#1393=ORIENTED_EDGE('',*,*,#978,.T.);
#1394=ORIENTED_EDGE('',*,*,#1048,.F.);
#1395=ORIENTED_EDGE('',*,*,#1049,.F.);
#1396=ORIENTED_EDGE('',*,*,#1048,.T.);
#1397=ORIENTED_EDGE('',*,*,#1050,.F.);
#1398=ORIENTED_EDGE('',*,*,#1051,.T.);
#1399=ORIENTED_EDGE('',*,*,#1052,.F.);
#1400=ORIENTED_EDGE('',*,*,#1053,.T.);
#1401=ORIENTED_EDGE('',*,*,#1054,.F.);
#1402=ORIENTED_EDGE('',*,*,#977,.T.);
#1403=ORIENTED_EDGE('',*,*,#1055,.F.);
#1404=ORIENTED_EDGE('',*,*,#1056,.T.);
#1405=ORIENTED_EDGE('',*,*,#1057,.T.);
#1406=ORIENTED_EDGE('',*,*,#1058,.F.);
#1407=ORIENTED_EDGE('',*,*,#1059,.F.);
#1408=ORIENTED_EDGE('',*,*,#1060,.F.);
#1409=ORIENTED_EDGE('',*,*,#980,.T.);
#1410=ORIENTED_EDGE('',*,*,#1061,.F.);
#1411=ORIENTED_EDGE('',*,*,#1058,.T.);
#1412=ORIENTED_EDGE('',*,*,#975,.T.);
#1413=ORIENTED_EDGE('',*,*,#1049,.T.);
#1414=ORIENTED_EDGE('',*,*,#1062,.F.);
#1415=ORIENTED_EDGE('',*,*,#979,.F.);
#1416=ORIENTED_EDGE('',*,*,#1063,.F.);
#1417=ORIENTED_EDGE('',*,*,#1062,.T.);
#1418=ORIENTED_EDGE('',*,*,#1064,.F.);
#1419=ORIENTED_EDGE('',*,*,#1065,.T.);
#1420=ORIENTED_EDGE('',*,*,#1050,.T.);
#1421=ORIENTED_EDGE('',*,*,#1066,.F.);
#1422=ORIENTED_EDGE('',*,*,#939,.T.);
#1423=ORIENTED_EDGE('',*,*,#950,.F.);
#1424=ORIENTED_EDGE('',*,*,#1067,.F.);
#1425=ORIENTED_EDGE('',*,*,#1068,.F.);
#1426=ORIENTED_EDGE('',*,*,#1055,.T.);
#1427=ORIENTED_EDGE('',*,*,#1069,.T.);
#1428=ORIENTED_EDGE('',*,*,#927,.T.);
#1429=ORIENTED_EDGE('',*,*,#941,.F.);
#1430=ORIENTED_EDGE('',*,*,#959,.F.);
#1431=ORIENTED_EDGE('',*,*,#1070,.F.);
#1432=ORIENTED_EDGE('',*,*,#1060,.T.);
#1433=ORIENTED_EDGE('',*,*,#1071,.T.);
#1434=ORIENTED_EDGE('',*,*,#1072,.F.);
#1435=ORIENTED_EDGE('',*,*,#945,.T.);
#1436=ORIENTED_EDGE('',*,*,#929,.T.);
#1437=ORIENTED_EDGE('',*,*,#1069,.F.);
#1438=ORIENTED_EDGE('',*,*,#1061,.T.);
#1439=ORIENTED_EDGE('',*,*,#1073,.T.);
#1440=ORIENTED_EDGE('',*,*,#931,.T.);
#1441=ORIENTED_EDGE('',*,*,#944,.F.);
#1442=ORIENTED_EDGE('',*,*,#1074,.F.);
#1443=ORIENTED_EDGE('',*,*,#1075,.F.);
#1444=ORIENTED_EDGE('',*,*,#1063,.T.);
#1445=ORIENTED_EDGE('',*,*,#1076,.T.);
#1446=ORIENTED_EDGE('',*,*,#1077,.F.);
#1447=ORIENTED_EDGE('',*,*,#948,.T.);
#1448=ORIENTED_EDGE('',*,*,#933,.T.);
#1449=ORIENTED_EDGE('',*,*,#1073,.F.);
#1450=ORIENTED_EDGE('',*,*,#943,.T.);
#1451=ORIENTED_EDGE('',*,*,#1072,.T.);
#1452=ORIENTED_EDGE('',*,*,#1078,.T.);
#1453=ORIENTED_EDGE('',*,*,#1074,.T.);
#1454=ORIENTED_EDGE('',*,*,#1079,.T.);
#1455=ORIENTED_EDGE('',*,*,#1030,.T.);
#1456=ORIENTED_EDGE('',*,*,#1037,.T.);
#1457=ORIENTED_EDGE('',*,*,#1080,.T.);
#1458=ORIENTED_EDGE('',*,*,#1052,.T.);
#1459=ORIENTED_EDGE('',*,*,#1081,.T.);
#1460=ORIENTED_EDGE('',*,*,#1082,.F.);
#1461=ORIENTED_EDGE('',*,*,#951,.T.);
#1462=ORIENTED_EDGE('',*,*,#937,.T.);
#1463=ORIENTED_EDGE('',*,*,#1083,.F.);
#1464=ORIENTED_EDGE('',*,*,#1064,.T.);
#1465=ORIENTED_EDGE('',*,*,#1083,.T.);
#1466=ORIENTED_EDGE('',*,*,#935,.T.);
#1467=ORIENTED_EDGE('',*,*,#947,.F.);
#1468=ORIENTED_EDGE('',*,*,#1084,.F.);
#1469=ORIENTED_EDGE('',*,*,#1085,.F.);
#1470=ORIENTED_EDGE('',*,*,#949,.T.);
#1471=ORIENTED_EDGE('',*,*,#1082,.T.);
#1472=ORIENTED_EDGE('',*,*,#1086,.T.);
#1473=ORIENTED_EDGE('',*,*,#1067,.T.);
#1474=ORIENTED_EDGE('',*,*,#946,.T.);
#1475=ORIENTED_EDGE('',*,*,#1077,.T.);
#1476=ORIENTED_EDGE('',*,*,#1087,.T.);
#1477=ORIENTED_EDGE('',*,*,#1084,.T.);
#1478=ORIENTED_EDGE('',*,*,#1011,.T.);
#1479=ORIENTED_EDGE('',*,*,#1088,.T.);
#1480=ORIENTED_EDGE('',*,*,#1089,.F.);
#1481=ORIENTED_EDGE('',*,*,#1090,.F.);
#1482=ORIENTED_EDGE('',*,*,#1007,.T.);
#1483=ORIENTED_EDGE('',*,*,#1091,.T.);
#1484=ORIENTED_EDGE('',*,*,#1092,.F.);
#1485=ORIENTED_EDGE('',*,*,#1088,.F.);
#1486=ORIENTED_EDGE('',*,*,#1093,.T.);
#1487=ORIENTED_EDGE('',*,*,#1089,.T.);
#1488=ORIENTED_EDGE('',*,*,#1092,.T.);
#1489=ORIENTED_EDGE('',*,*,#1094,.T.);
#1490=ORIENTED_EDGE('',*,*,#1054,.T.);
#1491=ORIENTED_EDGE('',*,*,#1095,.T.);
#1492=ORIENTED_EDGE('',*,*,#957,.F.);
#1493=ORIENTED_EDGE('',*,*,#942,.T.);
#1494=ORIENTED_EDGE('',*,*,#925,.T.);
#1495=ORIENTED_EDGE('',*,*,#1066,.T.);
#1496=ORIENTED_EDGE('',*,*,#1096,.T.);
#1497=ORIENTED_EDGE('',*,*,#1097,.T.);
#1498=ORIENTED_EDGE('',*,*,#1098,.F.);
#1499=ORIENTED_EDGE('',*,*,#1099,.F.);
#1500=ORIENTED_EDGE('',*,*,#1056,.F.);
#1501=ORIENTED_EDGE('',*,*,#1100,.F.);
#1502=ORIENTED_EDGE('',*,*,#1101,.F.);
#1503=ORIENTED_EDGE('',*,*,#960,.T.);
#1504=ORIENTED_EDGE('',*,*,#970,.T.);
#1505=ORIENTED_EDGE('',*,*,#967,.T.);
#1506=ORIENTED_EDGE('',*,*,#964,.T.);
#1507=ORIENTED_EDGE('',*,*,#1026,.T.);
#1508=ORIENTED_EDGE('',*,*,#1102,.T.);
#1509=ORIENTED_EDGE('',*,*,#1042,.F.);
#1510=ORIENTED_EDGE('',*,*,#953,.T.);
#1511=ORIENTED_EDGE('',*,*,#956,.T.);
#1512=ORIENTED_EDGE('',*,*,#1035,.F.);
#1513=ORIENTED_EDGE('',*,*,#1103,.T.);
#1514=ORIENTED_EDGE('',*,*,#1023,.T.);
#1515=ORIENTED_EDGE('',*,*,#928,.T.);
#1516=ORIENTED_EDGE('',*,*,#954,.T.);
#1517=ORIENTED_EDGE('',*,*,#1104,.F.);
#1518=ORIENTED_EDGE('',*,*,#1105,.F.);
#1519=ORIENTED_EDGE('',*,*,#1106,.T.);
#1520=ORIENTED_EDGE('',*,*,#1032,.T.);
#1521=ORIENTED_EDGE('',*,*,#1104,.T.);
#1522=ORIENTED_EDGE('',*,*,#1047,.F.);
#1523=ORIENTED_EDGE('',*,*,#924,.T.);
#1524=ORIENTED_EDGE('',*,*,#1105,.T.);
#1525=ORIENTED_EDGE('',*,*,#1107,.F.);
#1526=ORIENTED_EDGE('',*,*,#955,.T.);
#1527=ORIENTED_EDGE('',*,*,#998,.F.);
#1528=ORIENTED_EDGE('',*,*,#1107,.T.);
#1529=ORIENTED_EDGE('',*,*,#995,.T.);
#1530=ORIENTED_EDGE('',*,*,#1108,.T.);
#1531=ORIENTED_EDGE('',*,*,#1109,.T.);
#1532=ORIENTED_EDGE('',*,*,#1080,.F.);
#1533=ORIENTED_EDGE('',*,*,#1036,.F.);
#1534=ORIENTED_EDGE('',*,*,#1016,.F.);
#1535=ORIENTED_EDGE('',*,*,#1033,.F.);
#1536=ORIENTED_EDGE('',*,*,#1106,.F.);
#1537=ORIENTED_EDGE('',*,*,#1046,.T.);
#1538=ORIENTED_EDGE('',*,*,#1018,.T.);
#1539=ORIENTED_EDGE('',*,*,#1045,.T.);
#1540=ORIENTED_EDGE('',*,*,#1110,.F.);
#1541=ORIENTED_EDGE('',*,*,#1111,.F.);
#1542=ORIENTED_EDGE('',*,*,#1100,.T.);
#1543=ORIENTED_EDGE('',*,*,#1059,.T.);
#1544=ORIENTED_EDGE('',*,*,#1075,.T.);
#1545=ORIENTED_EDGE('',*,*,#1078,.F.);
#1546=ORIENTED_EDGE('',*,*,#1071,.F.);
#1547=ORIENTED_EDGE('',*,*,#1057,.F.);
#1548=ORIENTED_EDGE('',*,*,#1099,.T.);
#1549=ORIENTED_EDGE('',*,*,#1090,.T.);
#1550=ORIENTED_EDGE('',*,*,#1093,.F.);
#1551=ORIENTED_EDGE('',*,*,#1112,.F.);
#1552=ORIENTED_EDGE('',*,*,#1101,.T.);
#1553=ORIENTED_EDGE('',*,*,#1111,.T.);
#1554=ORIENTED_EDGE('',*,*,#1113,.F.);
#1555=ORIENTED_EDGE('',*,*,#1038,.F.);
#1556=ORIENTED_EDGE('',*,*,#1012,.F.);
#1557=ORIENTED_EDGE('',*,*,#1085,.T.);
#1558=ORIENTED_EDGE('',*,*,#1087,.F.);
#1559=ORIENTED_EDGE('',*,*,#1076,.F.);
#1560=ORIENTED_EDGE('',*,*,#1065,.F.);
#1561=ORIENTED_EDGE('',*,*,#1014,.F.);
#1562=ORIENTED_EDGE('',*,*,#1043,.F.);
#1563=ORIENTED_EDGE('',*,*,#1102,.F.);
#1564=ORIENTED_EDGE('',*,*,#1025,.T.);
#1565=ORIENTED_EDGE('',*,*,#1044,.T.);
#1566=ORIENTED_EDGE('',*,*,#1039,.T.);
#1567=ORIENTED_EDGE('',*,*,#1113,.T.);
#1568=ORIENTED_EDGE('',*,*,#1110,.T.);
#1569=ORIENTED_EDGE('',*,*,#1008,.T.);
#1570=ORIENTED_EDGE('',*,*,#1114,.F.);
#1571=ORIENTED_EDGE('',*,*,#1115,.T.);
#1572=ORIENTED_EDGE('',*,*,#1116,.T.);
#1573=ORIENTED_EDGE('',*,*,#1006,.T.);
#1574=ORIENTED_EDGE('',*,*,#1117,.F.);
#1575=ORIENTED_EDGE('',*,*,#1118,.T.);
#1576=ORIENTED_EDGE('',*,*,#1114,.T.);
#1577=ORIENTED_EDGE('',*,*,#1005,.F.);
#1578=ORIENTED_EDGE('',*,*,#1031,.T.);
#1579=ORIENTED_EDGE('',*,*,#1079,.F.);
#1580=ORIENTED_EDGE('',*,*,#1109,.F.);
#1581=ORIENTED_EDGE('',*,*,#1098,.T.);
#1582=ORIENTED_EDGE('',*,*,#1097,.F.);
#1583=ORIENTED_EDGE('',*,*,#1119,.F.);
#1584=ORIENTED_EDGE('',*,*,#1120,.T.);
#1585=ORIENTED_EDGE('',*,*,#1117,.T.);
#1586=ORIENTED_EDGE('',*,*,#983,.T.);
#1587=ORIENTED_EDGE('',*,*,#986,.T.);
#1588=ORIENTED_EDGE('',*,*,#1028,.T.);
#1589=ORIENTED_EDGE('',*,*,#907,.F.);
#1590=ORIENTED_EDGE('',*,*,#1000,.T.);
#1591=ORIENTED_EDGE('',*,*,#990,.F.);
#1592=ORIENTED_EDGE('',*,*,#988,.F.);
#1593=ORIENTED_EDGE('',*,*,#999,.T.);
#1594=ORIENTED_EDGE('',*,*,#1108,.F.);
#1595=ORIENTED_EDGE('',*,*,#994,.T.);
#1596=ORIENTED_EDGE('',*,*,#1053,.F.);
#1597=ORIENTED_EDGE('',*,*,#1070,.T.);
#1598=ORIENTED_EDGE('',*,*,#958,.F.);
#1599=ORIENTED_EDGE('',*,*,#1095,.F.);
#1600=ORIENTED_EDGE('',*,*,#1116,.F.);
#1601=ORIENTED_EDGE('',*,*,#1121,.T.);
#1602=ORIENTED_EDGE('',*,*,#1119,.T.);
#1603=ORIENTED_EDGE('',*,*,#1096,.F.);
#1604=ORIENTED_EDGE('',*,*,#1112,.T.);
#1605=ORIENTED_EDGE('',*,*,#1094,.F.);
#1606=ORIENTED_EDGE('',*,*,#1091,.F.);
#1607=ORIENTED_EDGE('',*,*,#1009,.F.);
#1608=ORIENTED_EDGE('',*,*,#1068,.T.);
#1609=ORIENTED_EDGE('',*,*,#1086,.F.);
#1610=ORIENTED_EDGE('',*,*,#1081,.F.);
#1611=ORIENTED_EDGE('',*,*,#1051,.F.);
#1612=ORIENTED_EDGE('',*,*,#913,.F.);
#1613=ORIENTED_EDGE('',*,*,#1024,.F.);
#1614=ORIENTED_EDGE('',*,*,#1103,.F.);
#1615=ORIENTED_EDGE('',*,*,#1034,.F.);
#1616=ORIENTED_EDGE('',*,*,#1121,.F.);
#1617=ORIENTED_EDGE('',*,*,#1115,.F.);
#1618=ORIENTED_EDGE('',*,*,#1118,.F.);
#1619=ORIENTED_EDGE('',*,*,#1120,.F.);
#1620=PLANE('',#1828);
#1621=PLANE('',#1829);
#1622=PLANE('',#1830);
#1623=PLANE('',#1831);
#1624=PLANE('',#1832);
#1625=PLANE('',#1833);
#1626=PLANE('',#1834);
#1627=PLANE('',#1835);
#1628=PLANE('',#1836);
#1629=PLANE('',#1837);
#1630=PLANE('',#1838);
#1631=PLANE('',#1839);
#1632=PLANE('',#1840);
#1633=PLANE('',#1841);
#1634=PLANE('',#1842);
#1635=PLANE('',#1843);
#1636=PLANE('',#1844);
#1637=PLANE('',#1845);
#1638=PLANE('',#1846);
#1639=PLANE('',#1847);
#1640=PLANE('',#1848);
#1641=PLANE('',#1849);
#1642=PLANE('',#1850);
#1643=PLANE('',#1851);
#1644=PLANE('',#1852);
#1645=PLANE('',#1853);
#1646=PLANE('',#1854);
#1647=PLANE('',#1855);
#1648=PLANE('',#1856);
#1649=PLANE('',#1857);
#1650=PLANE('',#1858);
#1651=PLANE('',#1859);
#1652=PLANE('',#1860);
#1653=PLANE('',#1861);
#1654=PLANE('',#1865);
#1655=PLANE('',#1869);
#1656=PLANE('',#1870);
#1657=PLANE('',#1871);
#1658=PLANE('',#1872);
#1659=PLANE('',#1873);
#1660=PLANE('',#1874);
#1661=PLANE('',#1875);
#1662=PLANE('',#1876);
#1663=PLANE('',#1877);
#1664=PLANE('',#1878);
#1665=PLANE('',#1879);
#1666=PLANE('',#1880);
#1667=PLANE('',#1881);
#1668=PLANE('',#1882);
#1669=PLANE('',#1883);
#1670=PLANE('',#1884);
#1671=PLANE('',#1885);
#1672=PLANE('',#1886);
#1673=PLANE('',#1887);
#1674=PLANE('',#1888);
#1675=PLANE('',#1889);
#1676=PLANE('',#1890);
#1677=PLANE('',#1891);
#1678=PLANE('',#1892);
#1679=PLANE('',#1893);
#1680=PLANE('',#1894);
#1681=PLANE('',#1895);
#1682=PLANE('',#1896);
#1683=PLANE('',#1897);
#1684=PLANE('',#1898);
#1685=PLANE('',#1899);
#1686=PLANE('',#1900);
#1687=PLANE('',#1901);
#1688=PLANE('',#1902);
#1689=PLANE('',#1903);
#1690=PLANE('',#1904);
#1691=PLANE('',#1905);
#1692=PLANE('',#1906);
#1693=PLANE('',#1907);
#1694=PLANE('',#1908);
#1695=PLANE('',#1909);
#1696=PLANE('',#1910);
#1697=PLANE('',#1911);
#1698=PLANE('',#1912);
#1699=PLANE('',#1913);
#1700=PLANE('',#1914);
#1701=PLANE('',#1915);
#1702=PLANE('',#1916);
#1703=PLANE('',#1917);
#1704=PLANE('',#1918);
#1705=PLANE('',#1919);
#1706=PLANE('',#1920);
#1707=PLANE('',#1921);
#1708=PLANE('',#1922);
#1709=PLANE('',#1923);
#1710=PLANE('',#1924);
#1711=PLANE('',#1925);
#1712=PLANE('',#1926);
#1713=PLANE('',#1927);
#1714=PLANE('',#1928);
#1715=PLANE('',#1929);
#1716=ADVANCED_FACE('',(#32),#1620,.F.);
#1717=ADVANCED_FACE('',(#33),#1621,.F.);
#1718=ADVANCED_FACE('',(#34),#1622,.F.);
#1719=ADVANCED_FACE('',(#35),#1623,.F.);
#1720=ADVANCED_FACE('',(#36),#1624,.F.);
#1721=ADVANCED_FACE('',(#37),#1625,.F.);
#1722=ADVANCED_FACE('',(#38),#1626,.F.);
#1723=ADVANCED_FACE('',(#39),#1627,.F.);
#1724=ADVANCED_FACE('',(#40),#1628,.F.);
#1725=ADVANCED_FACE('',(#41),#1629,.F.);
#1726=ADVANCED_FACE('',(#42),#1630,.F.);
#1727=ADVANCED_FACE('',(#43),#1631,.T.);
#1728=ADVANCED_FACE('',(#44),#1632,.F.);
#1729=ADVANCED_FACE('',(#45),#1633,.T.);
#1730=ADVANCED_FACE('',(#46),#1634,.F.);
#1731=ADVANCED_FACE('',(#47),#1635,.F.);
#1732=ADVANCED_FACE('',(#48),#1636,.F.);
#1733=ADVANCED_FACE('',(#49),#1637,.F.);
#1734=ADVANCED_FACE('',(#50),#1638,.F.);
#1735=ADVANCED_FACE('',(#51),#1639,.F.);
#1736=ADVANCED_FACE('',(#52),#1640,.F.);
#1737=ADVANCED_FACE('',(#53),#1641,.F.);
#1738=ADVANCED_FACE('',(#54),#1642,.F.);
#1739=ADVANCED_FACE('',(#55),#1643,.F.);
#1740=ADVANCED_FACE('',(#56),#1644,.T.);
#1741=ADVANCED_FACE('',(#57),#1645,.T.);
#1742=ADVANCED_FACE('',(#58),#1646,.T.);
#1743=ADVANCED_FACE('',(#59),#1647,.F.);
#1744=ADVANCED_FACE('',(#60),#1648,.F.);
#1745=ADVANCED_FACE('',(#61),#1649,.F.);
#1746=ADVANCED_FACE('',(#62),#1650,.F.);
#1747=ADVANCED_FACE('',(#63,#21),#1651,.F.);
#1748=ADVANCED_FACE('',(#64),#1652,.T.);
#1749=ADVANCED_FACE('',(#65),#1653,.T.);
#1750=ADVANCED_FACE('',(#66),#19,.T.);
#1751=ADVANCED_FACE('',(#67),#1654,.T.);
#1752=ADVANCED_FACE('',(#68),#20,.T.);
#1753=ADVANCED_FACE('',(#69),#1655,.T.);
#1754=ADVANCED_FACE('',(#70),#1656,.T.);
#1755=ADVANCED_FACE('',(#71),#1657,.T.);
#1756=ADVANCED_FACE('',(#72),#1658,.T.);
#1757=ADVANCED_FACE('',(#73),#1659,.T.);
#1758=ADVANCED_FACE('',(#74),#1660,.T.);
#1759=ADVANCED_FACE('',(#75),#1661,.T.);
#1760=ADVANCED_FACE('',(#76),#1662,.T.);
#1761=ADVANCED_FACE('',(#77),#1663,.T.);
#1762=ADVANCED_FACE('',(#78),#1664,.T.);
#1763=ADVANCED_FACE('',(#79),#1665,.F.);
#1764=ADVANCED_FACE('',(#80),#1666,.T.);
#1765=ADVANCED_FACE('',(#81),#1667,.T.);
#1766=ADVANCED_FACE('',(#82),#1668,.T.);
#1767=ADVANCED_FACE('',(#83),#1669,.T.);
#1768=ADVANCED_FACE('',(#84),#1670,.T.);
#1769=ADVANCED_FACE('',(#85),#1671,.T.);
#1770=ADVANCED_FACE('',(#86),#1672,.T.);
#1771=ADVANCED_FACE('',(#87),#1673,.T.);
#1772=ADVANCED_FACE('',(#88),#1674,.T.);
#1773=ADVANCED_FACE('',(#89),#1675,.T.);
#1774=ADVANCED_FACE('',(#90),#1676,.T.);
#1775=ADVANCED_FACE('',(#91),#1677,.T.);
#1776=ADVANCED_FACE('',(#92),#1678,.T.);
#1777=ADVANCED_FACE('',(#93),#1679,.T.);
#1778=ADVANCED_FACE('',(#94),#1680,.T.);
#1779=ADVANCED_FACE('',(#95),#1681,.T.);
#1780=ADVANCED_FACE('',(#96),#1682,.T.);
#1781=ADVANCED_FACE('',(#97),#1683,.T.);
#1782=ADVANCED_FACE('',(#98),#1684,.T.);
#1783=ADVANCED_FACE('',(#99),#1685,.T.);
#1784=ADVANCED_FACE('',(#100),#1686,.T.);
#1785=ADVANCED_FACE('',(#101),#1687,.T.);
#1786=ADVANCED_FACE('',(#102),#1688,.T.);
#1787=ADVANCED_FACE('',(#103),#1689,.T.);
#1788=ADVANCED_FACE('',(#104),#1690,.T.);
#1789=ADVANCED_FACE('',(#105),#1691,.T.);
#1790=ADVANCED_FACE('',(#106),#1692,.T.);
#1791=ADVANCED_FACE('',(#107),#1693,.T.);
#1792=ADVANCED_FACE('',(#108),#1694,.T.);
#1793=ADVANCED_FACE('',(#109),#1695,.T.);
#1794=ADVANCED_FACE('',(#110),#1696,.T.);
#1795=ADVANCED_FACE('',(#111),#1697,.T.);
#1796=ADVANCED_FACE('',(#112),#1698,.T.);
#1797=ADVANCED_FACE('',(#113),#1699,.T.);
#1798=ADVANCED_FACE('',(#114),#1700,.T.);
#1799=ADVANCED_FACE('',(#115,#22),#1701,.T.);
#1800=ADVANCED_FACE('',(#116),#1702,.T.);
#1801=ADVANCED_FACE('',(#117),#1703,.T.);
#1802=ADVANCED_FACE('',(#118),#1704,.T.);
#1803=ADVANCED_FACE('',(#119),#1705,.T.);
#1804=ADVANCED_FACE('',(#120),#1706,.T.);
#1805=ADVANCED_FACE('',(#121),#1707,.T.);
#1806=ADVANCED_FACE('',(#122),#1708,.T.);
#1807=ADVANCED_FACE('',(#123,#23,#24),#1709,.T.);
#1808=ADVANCED_FACE('',(#124),#1710,.T.);
#1809=ADVANCED_FACE('',(#125),#1711,.T.);
#1810=ADVANCED_FACE('',(#126),#1712,.T.);
#1811=ADVANCED_FACE('',(#127,#25,#26,#27,#28,#29),#1713,.T.);
#1812=ADVANCED_FACE('',(#128,#30,#31),#1714,.T.);
#1813=ADVANCED_FACE('',(#129),#1715,.F.);
#1814=CLOSED_SHELL('',(#1716,#1717,#1718,#1719,#1720,#1721,#1722,#1723,
#1724,#1725,#1726,#1727,#1728,#1729,#1730,#1731,#1732,#1733,#1734,#1735,
#1736,#1737,#1738,#1739,#1740,#1741,#1742,#1743,#1744,#1745,#1746,#1747,
#1748,#1749,#1750,#1751,#1752,#1753,#1754,#1755,#1756,#1757,#1758,#1759,
#1760,#1761,#1762,#1763,#1764,#1765,#1766,#1767,#1768,#1769,#1770,#1771,
#1772,#1773,#1774,#1775,#1776,#1777,#1778,#1779,#1780,#1781,#1782,#1783,
#1784,#1785,#1786,#1787,#1788,#1789,#1790,#1791,#1792,#1793,#1794,#1795,
#1796,#1797,#1798,#1799,#1800,#1801,#1802,#1803,#1804,#1805,#1806,#1807,
#1808,#1809,#1810,#1811,#1812,#1813));
#1815=DERIVED_UNIT_ELEMENT(#1817,1.);
#1816=DERIVED_UNIT_ELEMENT(#2880,-3.);
#1817=(
MASS_UNIT()
NAMED_UNIT(*)
SI_UNIT(.KILO.,.GRAM.)
);
#1818=DERIVED_UNIT((#1815,#1816));
#1819=MEASURE_REPRESENTATION_ITEM('density measure',
POSITIVE_RATIO_MEASURE(7850.),#1818);
#1820=PROPERTY_DEFINITION_REPRESENTATION(#1825,#1822);
#1821=PROPERTY_DEFINITION_REPRESENTATION(#1826,#1823);
#1822=REPRESENTATION('material name',(#1824),#2875);
#1823=REPRESENTATION('density',(#1819),#2875);
#1824=DESCRIPTIVE_REPRESENTATION_ITEM('Steel','Steel');
#1825=PROPERTY_DEFINITION('material property','material name',#2888);
#1826=PROPERTY_DEFINITION('material property','density of part',#2888);
#1827=AXIS2_PLACEMENT_3D('',#2381,#1930,#1931);
#1828=AXIS2_PLACEMENT_3D('',#2382,#1932,#1933);
#1829=AXIS2_PLACEMENT_3D('',#2391,#1938,#1939);
#1830=AXIS2_PLACEMENT_3D('',#2397,#1943,#1944);
#1831=AXIS2_PLACEMENT_3D('',#2406,#1949,#1950);
#1832=AXIS2_PLACEMENT_3D('',#2412,#1954,#1955);
#1833=AXIS2_PLACEMENT_3D('',#2415,#1958,#1959);
#1834=AXIS2_PLACEMENT_3D('',#2424,#1964,#1965);
#1835=AXIS2_PLACEMENT_3D('',#2429,#1969,#1970);
#1836=AXIS2_PLACEMENT_3D('',#2438,#1975,#1976);
#1837=AXIS2_PLACEMENT_3D('',#2442,#1980,#1981);
#1838=AXIS2_PLACEMENT_3D('',#2448,#1985,#1986);
#1839=AXIS2_PLACEMENT_3D('',#2454,#1990,#1991);
#1840=AXIS2_PLACEMENT_3D('',#2460,#1995,#1996);
#1841=AXIS2_PLACEMENT_3D('',#2466,#2000,#2001);
#1842=AXIS2_PLACEMENT_3D('',#2470,#2004,#2005);
#1843=AXIS2_PLACEMENT_3D('',#2479,#2010,#2011);
#1844=AXIS2_PLACEMENT_3D('',#2485,#2015,#2016);
#1845=AXIS2_PLACEMENT_3D('',#2494,#2021,#2022);
#1846=AXIS2_PLACEMENT_3D('',#2502,#2027,#2028);
#1847=AXIS2_PLACEMENT_3D('',#2510,#2033,#2034);
#1848=AXIS2_PLACEMENT_3D('',#2517,#2039,#2040);
#1849=AXIS2_PLACEMENT_3D('',#2523,#2044,#2045);
#1850=AXIS2_PLACEMENT_3D('',#2529,#2049,#2050);
#1851=AXIS2_PLACEMENT_3D('',#2535,#2054,#2055);
#1852=AXIS2_PLACEMENT_3D('',#2541,#2059,#2060);
#1853=AXIS2_PLACEMENT_3D('',#2547,#2064,#2065);
#1854=AXIS2_PLACEMENT_3D('',#2551,#2068,#2069);
#1855=AXIS2_PLACEMENT_3D('',#2557,#2073,#2074);
#1856=AXIS2_PLACEMENT_3D('',#2566,#2079,#2080);
#1857=AXIS2_PLACEMENT_3D('',#2572,#2084,#2085);
#1858=AXIS2_PLACEMENT_3D('',#2578,#2089,#2090);
#1859=AXIS2_PLACEMENT_3D('',#2581,#2093,#2094);
#1860=AXIS2_PLACEMENT_3D('',#2590,#2099,#2100);
#1861=AXIS2_PLACEMENT_3D('',#2596,#2104,#2105);
#1862=AXIS2_PLACEMENT_3D('',#2600,#2108,#2109);
#1863=AXIS2_PLACEMENT_3D('',#2602,#2110,#2111);
#1864=AXIS2_PLACEMENT_3D('',#2605,#2113,#2114);
#1865=AXIS2_PLACEMENT_3D('',#2606,#2115,#2116);
#1866=AXIS2_PLACEMENT_3D('',#2607,#2117,#2118);
#1867=AXIS2_PLACEMENT_3D('',#2609,#2119,#2120);
#1868=AXIS2_PLACEMENT_3D('',#2612,#2122,#2123);
#1869=AXIS2_PLACEMENT_3D('',#2613,#2124,#2125);
#1870=AXIS2_PLACEMENT_3D('',#2614,#2126,#2127);
#1871=AXIS2_PLACEMENT_3D('',#2620,#2131,#2132);
#1872=AXIS2_PLACEMENT_3D('',#2629,#2137,#2138);
#1873=AXIS2_PLACEMENT_3D('',#2635,#2142,#2143);
#1874=AXIS2_PLACEMENT_3D('',#2640,#2147,#2148);
#1875=AXIS2_PLACEMENT_3D('',#2643,#2151,#2152);
#1876=AXIS2_PLACEMENT_3D('',#2647,#2155,#2156);
#1877=AXIS2_PLACEMENT_3D('',#2653,#2160,#2161);
#1878=AXIS2_PLACEMENT_3D('',#2659,#2165,#2166);
#1879=AXIS2_PLACEMENT_3D('',#2665,#2170,#2171);
#1880=AXIS2_PLACEMENT_3D('',#2671,#2175,#2176);
#1881=AXIS2_PLACEMENT_3D('',#2677,#2180,#2181);
#1882=AXIS2_PLACEMENT_3D('',#2679,#2183,#2184);
#1883=AXIS2_PLACEMENT_3D('',#2682,#2187,#2188);
#1884=AXIS2_PLACEMENT_3D('',#2687,#2192,#2193);
#1885=AXIS2_PLACEMENT_3D('',#2691,#2196,#2197);
#1886=AXIS2_PLACEMENT_3D('',#2694,#2200,#2201);
#1887=AXIS2_PLACEMENT_3D('',#2700,#2205,#2206);
#1888=AXIS2_PLACEMENT_3D('',#2707,#2211,#2212);
#1889=AXIS2_PLACEMENT_3D('',#2711,#2215,#2216);
#1890=AXIS2_PLACEMENT_3D('',#2717,#2220,#2221);
#1891=AXIS2_PLACEMENT_3D('',#2722,#2225,#2226);
#1892=AXIS2_PLACEMENT_3D('',#2726,#2229,#2230);
#1893=AXIS2_PLACEMENT_3D('',#2730,#2233,#2234);
#1894=AXIS2_PLACEMENT_3D('',#2734,#2237,#2238);
#1895=AXIS2_PLACEMENT_3D('',#2740,#2242,#2243);
#1896=AXIS2_PLACEMENT_3D('',#2746,#2247,#2248);
#1897=AXIS2_PLACEMENT_3D('',#2755,#2253,#2254);
#1898=AXIS2_PLACEMENT_3D('',#2758,#2257,#2258);
#1899=AXIS2_PLACEMENT_3D('',#2760,#2260,#2261);
#1900=AXIS2_PLACEMENT_3D('',#2766,#2265,#2266);
#1901=AXIS2_PLACEMENT_3D('',#2771,#2270,#2271);
#1902=AXIS2_PLACEMENT_3D('',#2774,#2274,#2275);
#1903=AXIS2_PLACEMENT_3D('',#2778,#2278,#2279);
#1904=AXIS2_PLACEMENT_3D('',#2783,#2283,#2284);
#1905=AXIS2_PLACEMENT_3D('',#2787,#2287,#2288);
#1906=AXIS2_PLACEMENT_3D('',#2789,#2290,#2291);
#1907=AXIS2_PLACEMENT_3D('',#2793,#2294,#2295);
#1908=AXIS2_PLACEMENT_3D('',#2798,#2299,#2300);
#1909=AXIS2_PLACEMENT_3D('',#2802,#2303,#2304);
#1910=AXIS2_PLACEMENT_3D('',#2804,#2306,#2307);
#1911=AXIS2_PLACEMENT_3D('',#2806,#2309,#2310);
#1912=AXIS2_PLACEMENT_3D('',#2812,#2314,#2315);
#1913=AXIS2_PLACEMENT_3D('',#2816,#2318,#2319);
#1914=AXIS2_PLACEMENT_3D('',#2820,#2322,#2323);
#1915=AXIS2_PLACEMENT_3D('',#2822,#2325,#2326);
#1916=AXIS2_PLACEMENT_3D('',#2834,#2333,#2334);
#1917=AXIS2_PLACEMENT_3D('',#2836,#2336,#2337);
#1918=AXIS2_PLACEMENT_3D('',#2838,#2339,#2340);
#1919=AXIS2_PLACEMENT_3D('',#2841,#2343,#2344);
#1920=AXIS2_PLACEMENT_3D('',#2843,#2346,#2347);
#1921=AXIS2_PLACEMENT_3D('',#2845,#2349,#2350);
#1922=AXIS2_PLACEMENT_3D('',#2847,#2352,#2353);
#1923=AXIS2_PLACEMENT_3D('',#2852,#2357,#2358);
#1924=AXIS2_PLACEMENT_3D('',#2855,#2361,#2362);
#1925=AXIS2_PLACEMENT_3D('',#2856,#2363,#2364);
#1926=AXIS2_PLACEMENT_3D('',#2862,#2368,#2369);
#1927=AXIS2_PLACEMENT_3D('',#2866,#2372,#2373);
#1928=AXIS2_PLACEMENT_3D('',#2870,#2376,#2377);
#1929=AXIS2_PLACEMENT_3D('',#2872,#2379,#2380);
#1930=DIRECTION('axis',(0.,0.,1.));
#1931=DIRECTION('refdir',(1.,0.,0.));
#1932=DIRECTION('center_axis',(0.,1.,0.));
#1933=DIRECTION('ref_axis',(1.,0.,0.));
#1934=DIRECTION('',(1.,0.,0.));
#1935=DIRECTION('',(0.,0.,-1.));
#1936=DIRECTION('',(1.,0.,0.));
#1937=DIRECTION('',(0.,0.,-1.));
#1938=DIRECTION('center_axis',(0.,0.,-1.));
#1939=DIRECTION('ref_axis',(-1.,0.,0.));
#1940=DIRECTION('',(0.,1.,0.));
#1941=DIRECTION('',(-1.,0.,0.));
#1942=DIRECTION('',(0.,-1.,0.));
#1943=DIRECTION('center_axis',(1.50184930616176E-8,-1.,0.));
#1944=DIRECTION('ref_axis',(-1.,-1.50184930616176E-8,0.));
#1945=DIRECTION('',(-1.,0.,0.));
#1946=DIRECTION('',(0.,0.,-1.));
#1947=DIRECTION('',(-1.,-1.50184930616176E-8,0.));
#1948=DIRECTION('',(0.,0.,-1.));
#1949=DIRECTION('center_axis',(1.,0.,0.));
#1950=DIRECTION('ref_axis',(0.,-1.,0.));
#1951=DIRECTION('',(0.,-1.,0.));
#1952=DIRECTION('',(0.,0.,-1.));
#1953=DIRECTION('',(0.,-1.,0.));
#1954=DIRECTION('center_axis',(0.,0.,-1.));
#1955=DIRECTION('ref_axis',(-1.,0.,0.));
#1956=DIRECTION('',(1.,0.,0.));
#1957=DIRECTION('',(1.01595689255616E-8,1.,0.));
#1958=DIRECTION('center_axis',(-1.,0.,0.));
#1959=DIRECTION('ref_axis',(0.,1.,0.));
#1960=DIRECTION('',(0.,1.,0.));
#1961=DIRECTION('',(0.,0.,-1.));
#1962=DIRECTION('',(0.,1.,0.));
#1963=DIRECTION('',(0.,0.,-1.));
#1964=DIRECTION('center_axis',(0.,0.,-1.));
#1965=DIRECTION('ref_axis',(-1.,0.,0.));
#1966=DIRECTION('',(-1.,0.,0.));
#1967=DIRECTION('',(0.,-1.,0.));
#1968=DIRECTION('',(1.,0.,0.));
#1969=DIRECTION('center_axis',(-1.19038824136361E-16,-1.,0.));
#1970=DIRECTION('ref_axis',(-1.,1.19038824136361E-16,0.));
#1971=DIRECTION('',(-1.,1.19038824136361E-16,0.));
#1972=DIRECTION('',(0.,0.,-1.));
#1973=DIRECTION('',(-1.,1.19038824136361E-16,0.));
#1974=DIRECTION('',(0.,0.,-1.));
#1975=DIRECTION('center_axis',(0.,0.,-1.));
#1976=DIRECTION('ref_axis',(-1.,0.,0.));
#1977=DIRECTION('',(0.,-1.,0.));
#1978=DIRECTION('',(1.,0.,0.));
#1979=DIRECTION('',(-3.49676548440641E-16,1.,0.));
#1980=DIRECTION('center_axis',(0.,0.,-1.));
#1981=DIRECTION('ref_axis',(-1.,0.,0.));
#1982=DIRECTION('',(-1.,0.,0.));
#1983=DIRECTION('',(1.06012893028977E-8,1.,0.));
#1984=DIRECTION('',(1.,0.,0.));
#1985=DIRECTION('center_axis',(0.,0.,-1.));
#1986=DIRECTION('ref_axis',(-1.,0.,0.));
#1987=DIRECTION('',(0.,1.,0.));
#1988=DIRECTION('',(1.,0.,0.));
#1989=DIRECTION('',(0.,-1.,0.));
#1990=DIRECTION('center_axis',(0.,-1.,0.));
#1991=DIRECTION('ref_axis',(-1.,0.,0.));
#1992=DIRECTION('',(0.,0.,-1.));
#1993=DIRECTION('',(-1.,0.,0.));
#1994=DIRECTION('',(0.,0.,-1.));
#1995=DIRECTION('center_axis',(0.,0.,-1.));
#1996=DIRECTION('ref_axis',(-1.,0.,0.));
#1997=DIRECTION('',(1.,0.,0.));
#1998=DIRECTION('',(-2.17489604155654E-34,-1.,0.));
#1999=DIRECTION('',(-1.,0.,0.));
#2000=DIRECTION('center_axis',(1.,0.,0.));
#2001=DIRECTION('ref_axis',(0.,-1.,0.));
#2002=DIRECTION('',(0.,0.,1.));
#2003=DIRECTION('',(0.,-1.,0.));
#2004=DIRECTION('center_axis',(0.,-1.,0.));
#2005=DIRECTION('ref_axis',(-1.,0.,0.));
#2006=DIRECTION('',(-1.,0.,0.));
#2007=DIRECTION('',(0.,0.,-1.));
#2008=DIRECTION('',(-1.,0.,0.));
#2009=DIRECTION('',(0.,0.,-1.));
#2010=DIRECTION('center_axis',(0.,0.,-1.));
#2011=DIRECTION('ref_axis',(-1.,0.,0.));
#2012=DIRECTION('',(0.,-1.,0.));
#2013=DIRECTION('',(1.,0.,0.));
#2014=DIRECTION('',(-3.49676543189026E-16,1.,0.));
#2015=DIRECTION('center_axis',(0.,0.,-1.));
#2016=DIRECTION('ref_axis',(-1.,0.,0.));
#2017=DIRECTION('',(1.,0.,0.));
#2018=DIRECTION('',(-3.49676543189026E-16,1.,0.));
#2019=DIRECTION('',(-1.,1.20898804825993E-16,0.));
#2020=DIRECTION('',(0.,-1.,0.));
#2021=DIRECTION('center_axis',(0.,0.,-1.));
#2022=DIRECTION('ref_axis',(-1.,0.,0.));
#2023=DIRECTION('',(0.,1.,0.));
#2024=DIRECTION('',(-1.,0.,0.));
#2025=DIRECTION('',(0.,-1.,0.));
#2026=DIRECTION('',(1.,0.,0.));
#2027=DIRECTION('center_axis',(0.,0.,-1.));
#2028=DIRECTION('ref_axis',(-1.,0.,0.));
#2029=DIRECTION('',(-1.,0.,0.));
#2030=DIRECTION('',(0.,-1.,0.));
#2031=DIRECTION('',(1.,0.,0.));
#2032=DIRECTION('',(0.,1.,0.));
#2033=DIRECTION('center_axis',(0.,0.,-1.));
#2034=DIRECTION('ref_axis',(-1.,0.,0.));
#2035=DIRECTION('',(0.,-1.,0.));
#2036=DIRECTION('',(1.,0.,0.));
#2037=DIRECTION('',(0.,1.,0.));
#2038=DIRECTION('',(-1.,2.44773580232318E-15,0.));
#2039=DIRECTION('center_axis',(-1.20898804825993E-16,-1.,0.));
#2040=DIRECTION('ref_axis',(-1.,1.20898804825993E-16,0.));
#2041=DIRECTION('',(-1.,1.20898804825993E-16,0.));
#2042=DIRECTION('',(0.,0.,-1.));
#2043=DIRECTION('',(0.,0.,-1.));
#2044=DIRECTION('center_axis',(1.,0.,0.));
#2045=DIRECTION('ref_axis',(0.,-1.,0.));
#2046=DIRECTION('',(0.,-1.,0.));
#2047=DIRECTION('',(0.,0.,-1.));
#2048=DIRECTION('',(0.,0.,-1.));
#2049=DIRECTION('center_axis',(0.,1.,0.));
#2050=DIRECTION('ref_axis',(1.,0.,0.));
#2051=DIRECTION('',(1.,0.,0.));
#2052=DIRECTION('',(0.,0.,-1.));
#2053=DIRECTION('',(0.,0.,-1.));
#2054=DIRECTION('center_axis',(-1.,0.,0.));
#2055=DIRECTION('ref_axis',(0.,1.,0.));
#2056=DIRECTION('',(0.,1.,0.));
#2057=DIRECTION('',(0.,0.,-1.));
#2058=DIRECTION('',(0.,0.,-1.));
#2059=DIRECTION('center_axis',(0.,-1.,0.));
#2060=DIRECTION('ref_axis',(-1.,0.,0.));
#2061=DIRECTION('',(0.,0.,-1.));
#2062=DIRECTION('',(-1.,0.,0.));
#2063=DIRECTION('',(0.,0.,-1.));
#2064=DIRECTION('center_axis',(1.,0.,0.));
#2065=DIRECTION('ref_axis',(0.,-1.,0.));
#2066=DIRECTION('',(0.,0.,1.));
#2067=DIRECTION('',(0.,-1.,0.));
#2068=DIRECTION('center_axis',(0.,0.,1.));
#2069=DIRECTION('ref_axis',(1.,0.,0.));
#2070=DIRECTION('',(0.,-1.,0.));
#2071=DIRECTION('',(1.,0.,0.));
#2072=DIRECTION('',(0.,1.,0.));
#2073=DIRECTION('center_axis',(1.,0.,0.));
#2074=DIRECTION('ref_axis',(0.,-1.,0.));
#2075=DIRECTION('',(0.,-1.,0.));
#2076=DIRECTION('',(0.,0.,-1.));
#2077=DIRECTION('',(0.,-1.,0.));
#2078=DIRECTION('',(0.,0.,-1.));
#2079=DIRECTION('center_axis',(0.,1.,0.));
#2080=DIRECTION('ref_axis',(1.,0.,0.));
#2081=DIRECTION('',(1.,0.,0.));
#2082=DIRECTION('',(0.,0.,-1.));
#2083=DIRECTION('',(1.,0.,0.));
#2084=DIRECTION('center_axis',(-1.,0.,0.));
#2085=DIRECTION('ref_axis',(0.,1.,0.));
#2086=DIRECTION('',(0.,1.,0.));
#2087=DIRECTION('',(0.,0.,-1.));
#2088=DIRECTION('',(0.,1.,0.));
#2089=DIRECTION('center_axis',(6.88193196701806E-17,-1.,0.));
#2090=DIRECTION('ref_axis',(-1.,-6.88193196701806E-17,0.));
#2091=DIRECTION('',(-1.,-6.88193196701806E-17,0.));
#2092=DIRECTION('',(-1.,-6.88193196701806E-17,0.));
#2093=DIRECTION('center_axis',(0.,0.,-1.));
#2094=DIRECTION('ref_axis',(-1.,0.,0.));
#2095=DIRECTION('',(1.01595689255616E-8,1.,0.));
#2096=DIRECTION('',(1.,0.,0.));
#2097=DIRECTION('',(0.,-1.,0.));
#2098=DIRECTION('',(-1.,0.,0.));
#2099=DIRECTION('center_axis',(0.,1.,0.));
#2100=DIRECTION('ref_axis',(1.,0.,0.));
#2101=DIRECTION('',(0.,0.,-1.));
#2102=DIRECTION('',(1.,0.,0.));
#2103=DIRECTION('',(0.,0.,-1.));
#2104=DIRECTION('center_axis',(-1.,1.01595689255616E-8,0.));
#2105=DIRECTION('ref_axis',(1.01595689255616E-8,1.,0.));
#2106=DIRECTION('',(0.,0.,-1.));
#2107=DIRECTION('',(1.01595689255616E-8,1.,0.));
#2108=DIRECTION('center_axis',(0.,-1.,0.));
#2109=DIRECTION('ref_axis',(1.,0.,0.));
#2110=DIRECTION('center_axis',(0.,-1.,0.));
#2111=DIRECTION('ref_axis',(1.,0.,0.));
#2112=DIRECTION('',(0.,1.,0.));
#2113=DIRECTION('center_axis',(0.,1.,0.));
#2114=DIRECTION('ref_axis',(1.,0.,0.));
#2115=DIRECTION('center_axis',(0.,-1.,0.));
#2116=DIRECTION('ref_axis',(1.,0.,0.));
#2117=DIRECTION('center_axis',(0.,-1.,0.));
#2118=DIRECTION('ref_axis',(1.,0.,0.));
#2119=DIRECTION('center_axis',(0.,-1.,0.));
#2120=DIRECTION('ref_axis',(1.,0.,0.));
#2121=DIRECTION('',(0.,1.,0.));
#2122=DIRECTION('center_axis',(0.,1.,0.));
#2123=DIRECTION('ref_axis',(1.,0.,0.));
#2124=DIRECTION('center_axis',(0.,-1.,0.));
#2125=DIRECTION('ref_axis',(1.,0.,0.));
#2126=DIRECTION('center_axis',(0.,0.,1.));
#2127=DIRECTION('ref_axis',(1.,0.,0.));
#2128=DIRECTION('',(0.,1.,0.));
#2129=DIRECTION('',(1.,0.,0.));
#2130=DIRECTION('',(0.,-1.,0.));
#2131=DIRECTION('center_axis',(0.,0.,-1.));
#2132=DIRECTION('ref_axis',(-1.,0.,0.));
#2133=DIRECTION('',(-1.,0.,0.));
#2134=DIRECTION('',(0.,-1.,0.));
#2135=DIRECTION('',(-1.,0.,0.));
#2136=DIRECTION('',(0.,1.,0.));
#2137=DIRECTION('center_axis',(-1.,0.,0.));
#2138=DIRECTION('ref_axis',(0.,1.,0.));
#2139=DIRECTION('',(0.,0.,-1.));
#2140=DIRECTION('',(0.,-1.,0.));
#2141=DIRECTION('',(0.,0.,-1.));
#2142=DIRECTION('center_axis',(1.,0.,0.));
#2143=DIRECTION('ref_axis',(0.,1.,0.));
#2144=DIRECTION('',(0.,0.,1.));
#2145=DIRECTION('',(0.,-1.,0.));
#2146=DIRECTION('',(0.,0.,1.));
#2147=DIRECTION('center_axis',(1.,0.,0.));
#2148=DIRECTION('ref_axis',(0.,1.,0.));
#2149=DIRECTION('',(0.,0.,1.));
#2150=DIRECTION('',(0.,0.,1.));
#2151=DIRECTION('center_axis',(0.,1.,0.));
#2152=DIRECTION('ref_axis',(1.,0.,0.));
#2153=DIRECTION('',(0.,0.,-1.));
#2154=DIRECTION('',(1.,0.,0.));
#2155=DIRECTION('center_axis',(0.,0.,-1.));
#2156=DIRECTION('ref_axis',(-1.,0.,0.));
#2157=DIRECTION('',(0.,1.,0.));
#2158=DIRECTION('',(-1.,0.,0.));
#2159=DIRECTION('',(0.,-1.,0.));
#2160=DIRECTION('center_axis',(0.,0.,-1.));
#2161=DIRECTION('ref_axis',(-1.,0.,0.));
#2162=DIRECTION('',(-1.,0.,0.));
#2163=DIRECTION('',(1.,0.,0.));
#2164=DIRECTION('',(2.17489604155654E-34,1.,0.));
#2165=DIRECTION('center_axis',(0.,0.,-1.));
#2166=DIRECTION('ref_axis',(-1.,0.,0.));
#2167=DIRECTION('',(0.,1.,0.));
#2168=DIRECTION('',(0.,-1.,0.));
#2169=DIRECTION('',(1.,0.,0.));
#2170=DIRECTION('center_axis',(0.,0.,-1.));
#2171=DIRECTION('ref_axis',(-1.,0.,0.));
#2172=DIRECTION('',(0.,-1.,0.));
#2173=DIRECTION('',(-1.,0.,0.));
#2174=DIRECTION('',(0.,1.,0.));
#2175=DIRECTION('center_axis',(1.,-1.06012893028977E-8,0.));
#2176=DIRECTION('ref_axis',(-1.06012893028977E-8,-1.,0.));
#2177=DIRECTION('',(0.,0.,-1.));
#2178=DIRECTION('',(-1.06012893028977E-8,-1.,0.));
#2179=DIRECTION('',(0.,0.,-1.));
#2180=DIRECTION('center_axis',(-1.,1.01595689255616E-8,0.));
#2181=DIRECTION('ref_axis',(1.01595689255616E-8,1.,0.));
#2182=DIRECTION('',(1.01595689255616E-8,1.,0.));
#2183=DIRECTION('center_axis',(0.,0.,-1.));
#2184=DIRECTION('ref_axis',(-1.,0.,0.));
#2185=DIRECTION('',(-1.,0.,0.));
#2186=DIRECTION('',(1.,0.,0.));
#2187=DIRECTION('center_axis',(0.,-1.,0.));
#2188=DIRECTION('ref_axis',(-1.,0.,0.));
#2189=DIRECTION('',(0.,0.,-1.));
#2190=DIRECTION('',(1.,0.,0.));
#2191=DIRECTION('',(0.,0.,-1.));
#2192=DIRECTION('center_axis',(1.,0.,0.));
#2193=DIRECTION('ref_axis',(0.,-1.,0.));
#2194=DIRECTION('',(0.,0.,-1.));
#2195=DIRECTION('',(0.,1.,0.));
#2196=DIRECTION('center_axis',(-1.,0.,0.));
#2197=DIRECTION('ref_axis',(0.,1.,0.));
#2198=DIRECTION('',(0.,0.,-1.));
#2199=DIRECTION('',(0.,0.,-1.));
#2200=DIRECTION('center_axis',(-1.,0.,0.));
#2201=DIRECTION('ref_axis',(0.,1.,0.));
#2202=DIRECTION('',(0.,0.,-1.));
#2203=DIRECTION('',(0.,1.,0.));
#2204=DIRECTION('',(0.,0.,-1.));
#2205=DIRECTION('center_axis',(0.,1.,0.));
#2206=DIRECTION('ref_axis',(1.,0.,0.));
#2207=DIRECTION('',(-1.,0.,0.));
#2208=DIRECTION('',(0.,0.,-1.));
#2209=DIRECTION('',(0.,0.,1.));
#2210=DIRECTION('',(1.,0.,0.));
#2211=DIRECTION('center_axis',(0.,1.,0.));
#2212=DIRECTION('ref_axis',(1.,0.,0.));
#2213=DIRECTION('',(0.,0.,-1.));
#2214=DIRECTION('',(1.,0.,0.));
#2215=DIRECTION('center_axis',(-1.,0.,0.));
#2216=DIRECTION('ref_axis',(0.,1.,0.));
#2217=DIRECTION('',(0.,0.,-1.));
#2218=DIRECTION('',(0.,1.,0.));
#2219=DIRECTION('',(0.,0.,-1.));
#2220=DIRECTION('center_axis',(-1.,0.,0.));
#2221=DIRECTION('ref_axis',(0.,1.,0.));
#2222=DIRECTION('',(0.,0.,-1.));
#2223=DIRECTION('',(0.,1.,0.));
#2224=DIRECTION('',(0.,0.,-1.));
#2225=DIRECTION('center_axis',(0.,-1.,0.));
#2226=DIRECTION('ref_axis',(-1.,0.,0.));
#2227=DIRECTION('',(-1.,0.,0.));
#2228=DIRECTION('',(0.,0.,-1.));
#2229=DIRECTION('center_axis',(0.,-1.,0.));
#2230=DIRECTION('ref_axis',(-1.,0.,0.));
#2231=DIRECTION('',(0.,0.,-1.));
#2232=DIRECTION('',(-1.,0.,0.));
#2233=DIRECTION('center_axis',(1.,0.,0.));
#2234=DIRECTION('ref_axis',(0.,-1.,0.));
#2235=DIRECTION('',(0.,-1.,0.));
#2236=DIRECTION('',(0.,0.,-1.));
#2237=DIRECTION('center_axis',(0.,0.,-1.));
#2238=DIRECTION('ref_axis',(-1.,0.,0.));
#2239=DIRECTION('',(1.,0.,0.));
#2240=DIRECTION('',(2.17489604155654E-34,1.,0.));
#2241=DIRECTION('',(-1.,0.,0.));
#2242=DIRECTION('center_axis',(0.,0.,-1.));
#2243=DIRECTION('ref_axis',(-1.,0.,0.));
#2244=DIRECTION('',(-1.,0.,0.));
#2245=DIRECTION('',(0.,-1.,0.));
#2246=DIRECTION('',(0.,1.,0.));
#2247=DIRECTION('center_axis',(1.,-1.06012893028977E-8,0.));
#2248=DIRECTION('ref_axis',(-1.06012893028977E-8,-1.,0.));
#2249=DIRECTION('',(-1.06012893028977E-8,-1.,0.));
#2250=DIRECTION('',(0.,0.,-1.));
#2251=DIRECTION('',(-1.06012893028977E-8,-1.,0.));
#2252=DIRECTION('',(0.,0.,-1.));
#2253=DIRECTION('center_axis',(0.,0.,-1.));
#2254=DIRECTION('ref_axis',(-1.,0.,0.));
#2255=DIRECTION('',(1.,0.,0.));
#2256=DIRECTION('',(-1.,0.,0.));
#2257=DIRECTION('center_axis',(0.,-1.,0.));
#2258=DIRECTION('ref_axis',(-1.,0.,0.));
#2259=DIRECTION('',(-1.,0.,0.));
#2260=DIRECTION('center_axis',(0.,0.,-1.));
#2261=DIRECTION('ref_axis',(-1.,0.,0.));
#2262=DIRECTION('',(0.,1.,0.));
#2263=DIRECTION('',(0.,-1.,0.));
#2264=DIRECTION('',(1.,0.,0.));
#2265=DIRECTION('center_axis',(0.,1.,0.));
#2266=DIRECTION('ref_axis',(1.,0.,0.));
#2267=DIRECTION('',(0.,0.,1.));
#2268=DIRECTION('',(1.,0.,0.));
#2269=DIRECTION('',(0.,0.,-1.));
#2270=DIRECTION('center_axis',(-1.,0.,0.));
#2271=DIRECTION('ref_axis',(0.,1.,0.));
#2272=DIRECTION('',(0.,0.,-1.));
#2273=DIRECTION('',(0.,0.,-1.));
#2274=DIRECTION('center_axis',(0.,1.,0.));
#2275=DIRECTION('ref_axis',(1.,0.,0.));
#2276=DIRECTION('',(0.,0.,-1.));
#2277=DIRECTION('',(1.,0.,0.));
#2278=DIRECTION('center_axis',(0.,-1.,0.));
#2279=DIRECTION('ref_axis',(-1.,0.,0.));
#2280=DIRECTION('',(0.,0.,-1.));
#2281=DIRECTION('',(-1.,0.,0.));
#2282=DIRECTION('',(0.,0.,-1.));
#2283=DIRECTION('center_axis',(-1.,0.,0.));
#2284=DIRECTION('ref_axis',(0.,1.,0.));
#2285=DIRECTION('',(0.,0.,-1.));
#2286=DIRECTION('',(0.,1.,0.));
#2287=DIRECTION('center_axis',(0.,0.,1.));
#2288=DIRECTION('ref_axis',(1.,0.,0.));
#2289=DIRECTION('',(0.,1.,0.));
#2290=DIRECTION('center_axis',(0.,0.,-1.));
#2291=DIRECTION('ref_axis',(-1.,0.,0.));
#2292=DIRECTION('',(-1.,0.,0.));
#2293=DIRECTION('',(0.,-1.,0.));
#2294=DIRECTION('center_axis',(0.,-1.,0.));
#2295=DIRECTION('ref_axis',(-1.,0.,0.));
#2296=DIRECTION('',(0.,0.,-1.));
#2297=DIRECTION('',(-1.,0.,0.));
#2298=DIRECTION('',(0.,0.,-1.));
#2299=DIRECTION('center_axis',(1.,0.,0.));
#2300=DIRECTION('ref_axis',(0.,-1.,0.));
#2301=DIRECTION('',(0.,-1.,0.));
#2302=DIRECTION('',(0.,0.,-1.));
#2303=DIRECTION('center_axis',(0.,0.,1.));
#2304=DIRECTION('ref_axis',(1.,0.,0.));
#2305=DIRECTION('',(6.47031582366315E-33,-1.,0.));
#2306=DIRECTION('center_axis',(0.,0.,1.));
#2307=DIRECTION('ref_axis',(1.,0.,0.));
#2308=DIRECTION('',(-1.,0.,0.));
#2309=DIRECTION('center_axis',(1.,0.,0.));
#2310=DIRECTION('ref_axis',(0.,-1.,0.));
#2311=DIRECTION('',(0.,0.,-1.));
#2312=DIRECTION('',(0.,-1.,0.));
#2313=DIRECTION('',(0.,0.,-1.));
#2314=DIRECTION('center_axis',(0.,-1.,0.));
#2315=DIRECTION('ref_axis',(-1.,0.,0.));
#2316=DIRECTION('',(0.,0.,-1.));
#2317=DIRECTION('',(-1.,0.,0.));
#2318=DIRECTION('center_axis',(0.,0.,-1.));
#2319=DIRECTION('ref_axis',(-1.,0.,0.));
#2320=DIRECTION('',(1.,0.,0.));
#2321=DIRECTION('',(0.,1.,0.));
#2322=DIRECTION('center_axis',(1.,0.,0.));
#2323=DIRECTION('ref_axis',(0.,-1.,0.));
#2324=DIRECTION('',(0.,0.,-1.));
#2325=DIRECTION('center_axis',(0.,0.,1.));
#2326=DIRECTION('ref_axis',(1.,0.,0.));
#2327=DIRECTION('',(0.,-1.,0.));
#2328=DIRECTION('',(1.,0.,0.));
#2329=DIRECTION('',(-1.,0.,0.));
#2330=DIRECTION('',(0.,-1.,0.));
#2331=DIRECTION('',(0.,-1.,0.));
#2332=DIRECTION('',(1.,0.,0.));
#2333=DIRECTION('center_axis',(0.,0.,-1.));
#2334=DIRECTION('ref_axis',(-1.,0.,0.));
#2335=DIRECTION('',(1.,0.,0.));
#2336=DIRECTION('center_axis',(0.,0.,-1.));
#2337=DIRECTION('ref_axis',(-1.,0.,0.));
#2338=DIRECTION('',(-6.47031582366315E-33,1.,0.));
#2339=DIRECTION('center_axis',(-1.,0.,0.));
#2340=DIRECTION('ref_axis',(0.,1.,0.));
#2341=DIRECTION('',(0.,1.,0.));
#2342=DIRECTION('',(0.,0.,-1.));
#2343=DIRECTION('center_axis',(0.,0.,-1.));
#2344=DIRECTION('ref_axis',(-1.,0.,0.));
#2345=DIRECTION('',(0.,-1.,0.));
#2346=DIRECTION('center_axis',(0.,1.,0.));
#2347=DIRECTION('ref_axis',(1.,0.,0.));
#2348=DIRECTION('',(1.,0.,0.));
#2349=DIRECTION('center_axis',(0.,0.,-1.));
#2350=DIRECTION('ref_axis',(-1.,0.,0.));
#2351=DIRECTION('',(-1.,0.,0.));
#2352=DIRECTION('center_axis',(1.,0.,0.));
#2353=DIRECTION('ref_axis',(0.,-1.,0.));
#2354=DIRECTION('',(0.,0.,-1.));
#2355=DIRECTION('',(0.,-1.,0.));
#2356=DIRECTION('',(0.,0.,-1.));
#2357=DIRECTION('center_axis',(0.,1.,0.));
#2358=DIRECTION('ref_axis',(1.,0.,0.));
#2359=DIRECTION('',(0.,0.,-1.));
#2360=DIRECTION('',(1.,0.,0.));
#2361=DIRECTION('center_axis',(0.,0.,-1.));
#2362=DIRECTION('ref_axis',(-1.,0.,0.));
#2363=DIRECTION('center_axis',(0.,1.,0.));
#2364=DIRECTION('ref_axis',(-1.,0.,0.));
#2365=DIRECTION('',(0.,0.,1.));
#2366=DIRECTION('',(-1.,0.,0.));
#2367=DIRECTION('',(0.,0.,1.));
#2368=DIRECTION('center_axis',(1.,0.,0.));
#2369=DIRECTION('ref_axis',(0.,1.,0.));
#2370=DIRECTION('',(0.,0.,1.));
#2371=DIRECTION('',(0.,1.,0.));
#2372=DIRECTION('center_axis',(0.,-1.,0.));
#2373=DIRECTION('ref_axis',(1.,0.,0.));
#2374=DIRECTION('',(0.,0.,1.));
#2375=DIRECTION('',(1.,0.,0.));
#2376=DIRECTION('center_axis',(-1.,0.,0.));
#2377=DIRECTION('ref_axis',(0.,-1.,0.));
#2378=DIRECTION('',(0.,-1.,0.));
#2379=DIRECTION('center_axis',(0.,0.,1.));
#2380=DIRECTION('ref_axis',(1.,0.,0.));
#2381=CARTESIAN_POINT('',(0.,0.,0.));
#2382=CARTESIAN_POINT('Origin',(1.,35.75,17.5));
#2383=CARTESIAN_POINT('',(1.,35.75,17.5));
#2384=CARTESIAN_POINT('',(23.,35.75,17.5));
#2385=CARTESIAN_POINT('',(6.5,35.75,17.5));
#2386=CARTESIAN_POINT('',(1.,35.75,16.75));
#2387=CARTESIAN_POINT('',(1.,35.75,17.5));
#2388=CARTESIAN_POINT('',(23.,35.75,16.75));
#2389=CARTESIAN_POINT('',(0.25,35.75,16.75));
#2390=CARTESIAN_POINT('',(23.,35.75,17.5));
#2391=CARTESIAN_POINT('Origin',(12.,35.375,16.75));
#2392=CARTESIAN_POINT('',(1.,35.,16.75));
#2393=CARTESIAN_POINT('',(1.,36.,16.75));
#2394=CARTESIAN_POINT('',(23.,35.,16.75));
#2395=CARTESIAN_POINT('',(17.5,35.,16.75));
#2396=CARTESIAN_POINT('',(23.,35.,16.75));
#2397=CARTESIAN_POINT('Origin',(23.7499998177714,0.999999996245379,17.5));
#2398=CARTESIAN_POINT('',(23.7499998177714,0.999999996245377,17.5));
#2399=CARTESIAN_POINT('',(22.9999996545747,0.999999984981507,17.5));
#2400=CARTESIAN_POINT('',(23.2499999136437,1.,17.5));
#2401=CARTESIAN_POINT('',(23.7499998177714,0.999999996245377,16.75));
#2402=CARTESIAN_POINT('',(23.7499998177714,0.999999996245377,17.5));
#2403=CARTESIAN_POINT('',(22.9999996545747,0.999999984981507,16.75));
#2404=CARTESIAN_POINT('',(22.9999996545747,0.999999984981507,16.75));
#2405=CARTESIAN_POINT('',(23.,1.,36.));
#2406=CARTESIAN_POINT('Origin',(23.7499998177714,35.,17.5));
#2407=CARTESIAN_POINT('',(23.7499998177714,35.,17.5));
#2408=CARTESIAN_POINT('',(23.7499998177714,26.4999999962454,17.5));
#2409=CARTESIAN_POINT('',(23.7499998177714,35.,16.75));
#2410=CARTESIAN_POINT('',(23.7499998177714,35.,17.5));
#2411=CARTESIAN_POINT('',(23.7499998177714,35.75,16.75));
#2412=CARTESIAN_POINT('Origin',(23.374999736173,17.9999999924907,16.75));
#2413=CARTESIAN_POINT('',(24.,35.,16.75));
#2414=CARTESIAN_POINT('',(22.999999740931,9.49999999064105,16.75));
#2415=CARTESIAN_POINT('Origin',(0.25,0.999999984981507,17.5));
#2416=CARTESIAN_POINT('',(0.25,0.999999984981507,17.5));
#2417=CARTESIAN_POINT('',(0.25,35.,17.5));
#2418=CARTESIAN_POINT('',(0.25,9.49999998873613,17.5));
#2419=CARTESIAN_POINT('',(0.25,0.999999984981507,16.75));
#2420=CARTESIAN_POINT('',(0.25,0.999999984981507,17.5));
#2421=CARTESIAN_POINT('',(0.25,35.,16.75));
#2422=CARTESIAN_POINT('',(0.25,0.250000000000001,16.75));
#2423=CARTESIAN_POINT('',(0.25,35.,17.5));
#2424=CARTESIAN_POINT('Origin',(0.625,17.9999999924907,16.75));
#2425=CARTESIAN_POINT('',(1.,0.999999984981507,16.75));
#2426=CARTESIAN_POINT('',(0.,0.999999984981507,16.75));
#2427=CARTESIAN_POINT('',(1.,26.4999999962454,16.75));
#2428=CARTESIAN_POINT('',(1.,35.,16.75));
#2429=CARTESIAN_POINT('Origin',(22.9999996545747,0.249999999999999,17.5));
#2430=CARTESIAN_POINT('',(22.9999996545747,0.249999999999999,17.5));
#2431=CARTESIAN_POINT('',(1.,0.250000000000001,17.5));
#2432=CARTESIAN_POINT('',(17.499999740931,0.249999999999999,17.5));
#2433=CARTESIAN_POINT('',(22.9999996545747,0.249999999999999,16.75));
#2434=CARTESIAN_POINT('',(22.9999996545747,0.249999999999999,17.5));
#2435=CARTESIAN_POINT('',(1.,0.250000000000001,16.75));
#2436=CARTESIAN_POINT('',(23.7499998177714,0.249999999999999,16.75));
#2437=CARTESIAN_POINT('',(1.,0.250000000000001,17.5));
#2438=CARTESIAN_POINT('Origin',(11.9999998272873,0.624999992490753,16.75));
#2439=CARTESIAN_POINT('',(22.9999996545747,0.,16.75));
#2440=CARTESIAN_POINT('',(6.49999991364366,0.999999984981507,16.75));
#2441=CARTESIAN_POINT('',(1.,0.999999984981507,16.75));
#2442=CARTESIAN_POINT('Origin',(23.4999998272873,17.9999999924907,17.5));
#2443=CARTESIAN_POINT('',(23.9999996395562,0.999999984981507,17.5));
#2444=CARTESIAN_POINT('',(23.2499999136437,1.,17.5));
#2445=CARTESIAN_POINT('',(24.,35.,17.5));
#2446=CARTESIAN_POINT('',(23.9999996395562,0.999999984981507,17.5));
#2447=CARTESIAN_POINT('',(23.7499999136437,35.,17.5));
#2448=CARTESIAN_POINT('Origin',(11.9999998272873,0.499999992490753,17.5));
#2449=CARTESIAN_POINT('',(1.,0.,17.5));
#2450=CARTESIAN_POINT('',(1.,0.249999996245377,17.5));
#2451=CARTESIAN_POINT('',(22.9999996545747,0.,17.5));
#2452=CARTESIAN_POINT('',(1.,0.,17.5));
#2453=CARTESIAN_POINT('',(23.,0.249999996245377,17.5));
#2454=CARTESIAN_POINT('Origin',(23.,35.,17.5));
#2455=CARTESIAN_POINT('',(1.,35.,16.5));
#2456=CARTESIAN_POINT('',(1.,35.,36.));
#2457=CARTESIAN_POINT('',(23.,35.,16.5));
#2458=CARTESIAN_POINT('',(23.,35.,16.5));
#2459=CARTESIAN_POINT('',(23.,35.,36.));
#2460=CARTESIAN_POINT('Origin',(0.5,17.9999999924907,17.5));
#2461=CARTESIAN_POINT('',(0.,35.,17.5));
#2462=CARTESIAN_POINT('',(0.75,35.,17.5));
#2463=CARTESIAN_POINT('',(0.,0.999999984981507,17.5));
#2464=CARTESIAN_POINT('',(0.,35.,17.5));
#2465=CARTESIAN_POINT('',(0.75,1.,17.5));
#2466=CARTESIAN_POINT('Origin',(1.,35.,17.5));
#2467=CARTESIAN_POINT('',(1.,0.999999984981507,16.5));
#2468=CARTESIAN_POINT('',(1.,1.,0.));
#2469=CARTESIAN_POINT('',(1.,35.,16.5));
#2470=CARTESIAN_POINT('Origin',(23.,0.25,28.));
#2471=CARTESIAN_POINT('',(23.,0.25,28.));
#2472=CARTESIAN_POINT('',(1.,0.25,28.));
#2473=CARTESIAN_POINT('',(12.,0.25,28.));
#2474=CARTESIAN_POINT('',(23.,0.25,27.25));
#2475=CARTESIAN_POINT('',(23.,0.25,28.));
#2476=CARTESIAN_POINT('',(1.,0.25,27.25));
#2477=CARTESIAN_POINT('',(23.6045453654435,0.25,27.25));
#2478=CARTESIAN_POINT('',(1.,0.25,28.));
#2479=CARTESIAN_POINT('Origin',(12.,0.625,27.25));
#2480=CARTESIAN_POINT('',(23.,1.,27.25));
#2481=CARTESIAN_POINT('',(23.,0.,27.25));
#2482=CARTESIAN_POINT('',(1.,1.,27.25));
#2483=CARTESIAN_POINT('',(17.5,1.,27.25));
#2484=CARTESIAN_POINT('',(1.,1.,27.25));
#2485=CARTESIAN_POINT('Origin',(12.,18.,35.25));
#2486=CARTESIAN_POINT('',(1.,1.,35.25));
#2487=CARTESIAN_POINT('',(23.,1.,35.25));
#2488=CARTESIAN_POINT('',(6.5,1.,35.25));
#2489=CARTESIAN_POINT('',(1.,0.250000000000001,35.25));
#2490=CARTESIAN_POINT('',(1.,1.,35.25));
#2491=CARTESIAN_POINT('',(23.,0.249999999999999,35.25));
#2492=CARTESIAN_POINT('',(23.75,0.249999999999999,35.25));
#2493=CARTESIAN_POINT('',(23.,0.,35.25));
#2494=CARTESIAN_POINT('Origin',(12.,18.,35.25));
#2495=CARTESIAN_POINT('',(23.,35.,35.25));
#2496=CARTESIAN_POINT('',(23.,9.5,35.25));
#2497=CARTESIAN_POINT('',(23.75,1.,35.25));
#2498=CARTESIAN_POINT('',(23.,1.,35.25));
#2499=CARTESIAN_POINT('',(23.75,35.,35.25));
#2500=CARTESIAN_POINT('',(23.75,35.75,35.25));
#2501=CARTESIAN_POINT('',(24.,35.,35.25));
#2502=CARTESIAN_POINT('Origin',(12.,18.,35.25));
#2503=CARTESIAN_POINT('',(1.,35.,35.25));
#2504=CARTESIAN_POINT('',(17.5,35.,35.25));
#2505=CARTESIAN_POINT('',(23.,35.75,35.25));
#2506=CARTESIAN_POINT('',(23.,35.,35.25));
#2507=CARTESIAN_POINT('',(1.,35.75,35.25));
#2508=CARTESIAN_POINT('',(0.25,35.75,35.25));
#2509=CARTESIAN_POINT('',(1.,36.,35.25));
#2510=CARTESIAN_POINT('Origin',(12.,18.,35.25));
#2511=CARTESIAN_POINT('',(1.,26.5,35.25));
#2512=CARTESIAN_POINT('',(0.25,35.,35.25));
#2513=CARTESIAN_POINT('',(1.,35.,35.25));
#2514=CARTESIAN_POINT('',(0.25,1.,35.25));
#2515=CARTESIAN_POINT('',(0.25,0.250000000000001,35.25));
#2516=CARTESIAN_POINT('',(0.,1.,35.25));
#2517=CARTESIAN_POINT('Origin',(23.,0.249999999999999,36.));
#2518=CARTESIAN_POINT('',(23.,0.249999999999999,36.));
#2519=CARTESIAN_POINT('',(1.,0.250000000000001,36.));
#2520=CARTESIAN_POINT('',(23.25,0.249999999999996,36.));
#2521=CARTESIAN_POINT('',(23.,0.249999999999999,36.));
#2522=CARTESIAN_POINT('',(1.,0.250000000000001,36.));
#2523=CARTESIAN_POINT('Origin',(23.75,35.,36.));
#2524=CARTESIAN_POINT('',(23.75,35.,36.));
#2525=CARTESIAN_POINT('',(23.75,1.,36.));
#2526=CARTESIAN_POINT('',(23.75,35.25,36.));
#2527=CARTESIAN_POINT('',(23.75,35.,36.));
#2528=CARTESIAN_POINT('',(23.75,1.,36.));
#2529=CARTESIAN_POINT('Origin',(1.,35.75,36.));
#2530=CARTESIAN_POINT('',(1.,35.75,36.));
#2531=CARTESIAN_POINT('',(23.,35.75,36.));
#2532=CARTESIAN_POINT('',(12.25,35.75,36.));
#2533=CARTESIAN_POINT('',(1.,35.75,36.));
#2534=CARTESIAN_POINT('',(23.,35.75,36.));
#2535=CARTESIAN_POINT('Origin',(0.25,1.,36.));
#2536=CARTESIAN_POINT('',(0.25,1.,36.));
#2537=CARTESIAN_POINT('',(0.25,35.,36.));
#2538=CARTESIAN_POINT('',(0.249999999999999,18.25,36.));
#2539=CARTESIAN_POINT('',(0.25,1.,36.));
#2540=CARTESIAN_POINT('',(0.25,35.,36.));
#2541=CARTESIAN_POINT('Origin',(23.,35.,36.));
#2542=CARTESIAN_POINT('',(1.,35.,35.));
#2543=CARTESIAN_POINT('',(1.,35.,36.));
#2544=CARTESIAN_POINT('',(23.,35.,35.));
#2545=CARTESIAN_POINT('',(23.,35.,35.));
#2546=CARTESIAN_POINT('',(23.,35.,36.));
#2547=CARTESIAN_POINT('Origin',(1.,35.,36.));
#2548=CARTESIAN_POINT('',(1.,1.,35.));
#2549=CARTESIAN_POINT('',(1.,1.,0.));
#2550=CARTESIAN_POINT('',(1.,36.,35.));
#2551=CARTESIAN_POINT('Origin',(23.5,35.5,36.));
#2552=CARTESIAN_POINT('',(1.,0.,36.));
#2553=CARTESIAN_POINT('',(1.,0.75,36.));
#2554=CARTESIAN_POINT('',(23.,0.,36.));
#2555=CARTESIAN_POINT('',(0.,0.,36.));
#2556=CARTESIAN_POINT('',(23.,17.75,36.));
#2557=CARTESIAN_POINT('Origin',(23.75,35.75,68.));
#2558=CARTESIAN_POINT('',(23.75,35.75,68.));
#2559=CARTESIAN_POINT('',(23.75,0.250000000000001,68.));
#2560=CARTESIAN_POINT('',(23.75,18.125,68.));
#2561=CARTESIAN_POINT('',(23.75,35.75,67.25));
#2562=CARTESIAN_POINT('',(23.75,35.75,68.));
#2563=CARTESIAN_POINT('',(23.75,0.250000000000002,67.25));
#2564=CARTESIAN_POINT('',(23.75,35.75,67.25));
#2565=CARTESIAN_POINT('',(23.75,0.250000000000001,68.));
#2566=CARTESIAN_POINT('Origin',(0.25,35.75,68.));
#2567=CARTESIAN_POINT('',(0.25,35.75,68.));
#2568=CARTESIAN_POINT('',(0.375,35.75,68.));
#2569=CARTESIAN_POINT('',(0.249999999999999,35.75,67.25));
#2570=CARTESIAN_POINT('',(0.25,35.75,68.));
#2571=CARTESIAN_POINT('',(0.25,35.75,67.25));
#2572=CARTESIAN_POINT('Origin',(0.25,0.249999999999999,68.));
#2573=CARTESIAN_POINT('',(0.25,0.249999999999999,68.));
#2574=CARTESIAN_POINT('',(0.25,0.375,68.));
#2575=CARTESIAN_POINT('',(0.249999999999999,0.249999999999996,67.25));
#2576=CARTESIAN_POINT('',(0.25,0.249999999999999,68.));
#2577=CARTESIAN_POINT('',(0.25,0.249999999999999,67.25));
#2578=CARTESIAN_POINT('Origin',(23.75,0.250000000000001,68.));
#2579=CARTESIAN_POINT('',(12.125,0.25,68.));
#2580=CARTESIAN_POINT('',(23.75,0.250000000000001,67.25));
#2581=CARTESIAN_POINT('Origin',(12.,18.,67.25));
#2582=CARTESIAN_POINT('',(22.9999996545747,0.999999984981507,67.25));
#2583=CARTESIAN_POINT('',(23.,35.,67.25));
#2584=CARTESIAN_POINT('',(22.999999740931,9.49999993661312,67.25));
#2585=CARTESIAN_POINT('',(1.,1.,67.25));
#2586=CARTESIAN_POINT('',(6.5,0.999999984981507,67.25));
#2587=CARTESIAN_POINT('',(1.,35.,67.25));
#2588=CARTESIAN_POINT('',(1.,26.5,67.25));
#2589=CARTESIAN_POINT('',(17.5,35.,67.25));
#2590=CARTESIAN_POINT('Origin',(1.,0.999999984981507,68.));
#2591=CARTESIAN_POINT('',(23.,1.,67.));
#2592=CARTESIAN_POINT('',(23.,1.,68.));
#2593=CARTESIAN_POINT('',(1.,1.,67.));
#2594=CARTESIAN_POINT('',(1.,0.999999984981507,67.));
#2595=CARTESIAN_POINT('',(1.,1.,68.));
#2596=CARTESIAN_POINT('Origin',(22.9999996545747,0.999999984981507,68.));
#2597=CARTESIAN_POINT('',(23.,35.,67.));
#2598=CARTESIAN_POINT('',(23.,35.,68.));
#2599=CARTESIAN_POINT('',(22.9999996545747,0.999999984981507,67.));
#2600=CARTESIAN_POINT('Origin',(18.,0.,35.5));
#2601=CARTESIAN_POINT('',(17.75,-1.,35.5));
#2602=CARTESIAN_POINT('Origin',(18.,-1.,35.5));
#2603=CARTESIAN_POINT('',(17.75,0.,35.5));
#2604=CARTESIAN_POINT('',(17.75,0.,35.5));
#2605=CARTESIAN_POINT('Origin',(18.,0.,35.5));
#2606=CARTESIAN_POINT('Origin',(18.,-1.,35.5));
#2607=CARTESIAN_POINT('Origin',(6.,0.,35.5));
#2608=CARTESIAN_POINT('',(5.75,-1.,35.5));
#2609=CARTESIAN_POINT('Origin',(6.,-1.,35.5));
#2610=CARTESIAN_POINT('',(5.75,0.,35.5));
#2611=CARTESIAN_POINT('',(5.75,0.,35.5));
#2612=CARTESIAN_POINT('Origin',(6.,0.,35.5));
#2613=CARTESIAN_POINT('Origin',(6.,-1.,35.5));
#2614=CARTESIAN_POINT('Origin',(1.,0.,28.));
#2615=CARTESIAN_POINT('',(1.,0.,28.));
#2616=CARTESIAN_POINT('',(1.,0.,28.));
#2617=CARTESIAN_POINT('',(23.,0.,28.));
#2618=CARTESIAN_POINT('',(1.,0.,28.));
#2619=CARTESIAN_POINT('',(23.,0.,28.));
#2620=CARTESIAN_POINT('Origin',(23.,0.,27.));
#2621=CARTESIAN_POINT('',(23.,0.,27.));
#2622=CARTESIAN_POINT('',(1.,0.,27.));
#2623=CARTESIAN_POINT('',(23.,0.,27.));
#2624=CARTESIAN_POINT('',(1.,1.,27.));
#2625=CARTESIAN_POINT('',(1.,0.,27.));
#2626=CARTESIAN_POINT('',(23.,1.,27.));
#2627=CARTESIAN_POINT('',(23.,1.,27.));
#2628=CARTESIAN_POINT('',(23.,0.,27.));
#2629=CARTESIAN_POINT('Origin',(23.,0.,36.));
#2630=CARTESIAN_POINT('',(23.,0.,35.));
#2631=CARTESIAN_POINT('',(23.,0.,36.));
#2632=CARTESIAN_POINT('',(23.,1.,35.));
#2633=CARTESIAN_POINT('',(23.,0.,35.));
#2634=CARTESIAN_POINT('',(23.,1.,36.));
#2635=CARTESIAN_POINT('Origin',(1.,0.,0.));
#2636=CARTESIAN_POINT('',(1.,1.,0.));
#2637=CARTESIAN_POINT('',(1.,0.,35.));
#2638=CARTESIAN_POINT('',(1.,0.250000000000001,35.));
#2639=CARTESIAN_POINT('',(1.,0.,0.));
#2640=CARTESIAN_POINT('Origin',(1.,0.,0.));
#2641=CARTESIAN_POINT('',(1.,0.,0.));
#2642=CARTESIAN_POINT('',(1.,1.,0.));
#2643=CARTESIAN_POINT('Origin',(1.,0.999999984981507,17.5));
#2644=CARTESIAN_POINT('',(22.9999996545747,0.999999984981507,16.5));
#2645=CARTESIAN_POINT('',(23.,1.,36.));
#2646=CARTESIAN_POINT('',(22.9999996545747,0.999999984981507,16.5));
#2647=CARTESIAN_POINT('Origin',(11.9999998272873,0.499999992490753,16.5));
#2648=CARTESIAN_POINT('',(22.9999996545747,0.,16.5));
#2649=CARTESIAN_POINT('',(23.,0.249999996245377,16.5));
#2650=CARTESIAN_POINT('',(1.,0.,16.5));
#2651=CARTESIAN_POINT('',(1.,0.,16.5));
#2652=CARTESIAN_POINT('',(1.,0.249999996245377,16.5));
#2653=CARTESIAN_POINT('Origin',(0.5,17.9999999924907,16.5));
#2654=CARTESIAN_POINT('',(0.,35.,16.5));
#2655=CARTESIAN_POINT('',(0.75,35.,16.5));
#2656=CARTESIAN_POINT('',(0.,0.999999984981507,16.5));
#2657=CARTESIAN_POINT('',(0.75,1.,16.5));
#2658=CARTESIAN_POINT('',(0.,35.,16.5));
#2659=CARTESIAN_POINT('Origin',(12.,35.5,16.5));
#2660=CARTESIAN_POINT('',(23.,36.,16.5));
#2661=CARTESIAN_POINT('',(23.,35.25,16.5));
#2662=CARTESIAN_POINT('',(1.,36.,16.5));
#2663=CARTESIAN_POINT('',(1.,35.75,16.5));
#2664=CARTESIAN_POINT('',(23.,36.,16.5));
#2665=CARTESIAN_POINT('Origin',(12.,35.5,17.5));
#2666=CARTESIAN_POINT('',(23.,36.,17.5));
#2667=CARTESIAN_POINT('',(23.,35.25,17.5));
#2668=CARTESIAN_POINT('',(1.,36.,17.5));
#2669=CARTESIAN_POINT('',(23.,36.,17.5));
#2670=CARTESIAN_POINT('',(1.,35.75,17.5));
#2671=CARTESIAN_POINT('Origin',(24.,35.,17.5));
#2672=CARTESIAN_POINT('',(23.9999996395562,0.999999984981507,16.5));
#2673=CARTESIAN_POINT('',(24.,1.,36.));
#2674=CARTESIAN_POINT('',(24.,35.,16.5));
#2675=CARTESIAN_POINT('',(23.9999996395562,0.999999984981507,16.5));
#2676=CARTESIAN_POINT('',(24.,35.,36.));
#2677=CARTESIAN_POINT('Origin',(22.9999996545747,0.999999984981507,17.5));
#2678=CARTESIAN_POINT('',(22.9999996545747,0.999999984981507,16.5));
#2679=CARTESIAN_POINT('Origin',(23.4999998272873,17.9999999924907,16.5));
#2680=CARTESIAN_POINT('',(23.7499999136437,35.,16.5));
#2681=CARTESIAN_POINT('',(23.2499999136437,1.,16.5));
#2682=CARTESIAN_POINT('Origin',(1.,35.,36.));
#2683=CARTESIAN_POINT('',(1.,35.,36.));
#2684=CARTESIAN_POINT('',(0.,35.,35.));
#2685=CARTESIAN_POINT('',(23.,35.,35.));
#2686=CARTESIAN_POINT('',(0.,35.,36.));
#2687=CARTESIAN_POINT('Origin',(1.,36.,36.));
#2688=CARTESIAN_POINT('',(1.,36.,35.));
#2689=CARTESIAN_POINT('',(1.,36.,36.));
#2690=CARTESIAN_POINT('',(1.,36.,35.));
#2691=CARTESIAN_POINT('Origin',(23.,0.,36.));
#2692=CARTESIAN_POINT('',(23.,1.,36.));
#2693=CARTESIAN_POINT('',(23.,0.,36.));
#2694=CARTESIAN_POINT('Origin',(23.,0.,36.));
#2695=CARTESIAN_POINT('',(23.,1.,0.));
#2696=CARTESIAN_POINT('',(23.,1.,36.));
#2697=CARTESIAN_POINT('',(23.,0.,0.));
#2698=CARTESIAN_POINT('',(23.,0.,0.));
#2699=CARTESIAN_POINT('',(23.,0.,36.));
#2700=CARTESIAN_POINT('Origin',(23.,1.,36.));
#2701=CARTESIAN_POINT('',(24.,1.,35.));
#2702=CARTESIAN_POINT('',(24.,1.,35.));
#2703=CARTESIAN_POINT('',(24.,1.,36.));
#2704=CARTESIAN_POINT('',(0.,1.,35.));
#2705=CARTESIAN_POINT('',(0.,1.,0.));
#2706=CARTESIAN_POINT('',(0.75,1.,35.));
#2707=CARTESIAN_POINT('Origin',(23.,1.,36.));
#2708=CARTESIAN_POINT('',(24.,1.,0.));
#2709=CARTESIAN_POINT('',(24.,1.,36.));
#2710=CARTESIAN_POINT('',(23.,1.,0.));
#2711=CARTESIAN_POINT('Origin',(23.,35.,36.));
#2712=CARTESIAN_POINT('',(23.,36.,0.));
#2713=CARTESIAN_POINT('',(23.,36.,36.));
#2714=CARTESIAN_POINT('',(23.,35.,0.));
#2715=CARTESIAN_POINT('',(23.,36.,0.));
#2716=CARTESIAN_POINT('',(23.,35.,36.));
#2717=CARTESIAN_POINT('Origin',(23.,35.,36.));
#2718=CARTESIAN_POINT('',(23.,35.,36.));
#2719=CARTESIAN_POINT('',(23.,36.,35.));
#2720=CARTESIAN_POINT('',(23.,35.25,35.));
#2721=CARTESIAN_POINT('',(23.,36.,36.));
#2722=CARTESIAN_POINT('Origin',(24.,35.,36.));
#2723=CARTESIAN_POINT('',(24.,35.,0.));
#2724=CARTESIAN_POINT('',(23.,35.,0.));
#2725=CARTESIAN_POINT('',(24.,35.,36.));
#2726=CARTESIAN_POINT('Origin',(24.,35.,36.));
#2727=CARTESIAN_POINT('',(24.,35.,35.));
#2728=CARTESIAN_POINT('',(24.,35.,36.));
#2729=CARTESIAN_POINT('',(23.75,35.,35.));
#2730=CARTESIAN_POINT('Origin',(1.,35.,68.));
#2731=CARTESIAN_POINT('',(1.,35.,67.));
#2732=CARTESIAN_POINT('',(1.,35.,67.));
#2733=CARTESIAN_POINT('',(1.,35.,68.));
#2734=CARTESIAN_POINT('Origin',(0.5,17.9999999924907,67.));
#2735=CARTESIAN_POINT('',(0.,1.,67.));
#2736=CARTESIAN_POINT('',(0.25,1.,67.));
#2737=CARTESIAN_POINT('',(0.,35.,67.));
#2738=CARTESIAN_POINT('',(-7.39464654455859E-33,0.999999984981507,67.));
#2739=CARTESIAN_POINT('',(0.75,35.,67.));
#2740=CARTESIAN_POINT('Origin',(12.0000003697262,0.500000000163167,67.));
#2741=CARTESIAN_POINT('',(23.,0.,67.));
#2742=CARTESIAN_POINT('',(1.,0.,67.));
#2743=CARTESIAN_POINT('',(22.9999996545747,0.,67.));
#2744=CARTESIAN_POINT('',(1.,0.750000000081584,67.));
#2745=CARTESIAN_POINT('',(23.,0.250000000081584,67.));
#2746=CARTESIAN_POINT('Origin',(24.,35.,68.));
#2747=CARTESIAN_POINT('',(24.,35.,68.));
#2748=CARTESIAN_POINT('',(24.,1.,68.));
#2749=CARTESIAN_POINT('',(24.,35.,68.));
#2750=CARTESIAN_POINT('',(24.,1.,67.));
#2751=CARTESIAN_POINT('',(24.,1.,68.));
#2752=CARTESIAN_POINT('',(24.,35.,67.));
#2753=CARTESIAN_POINT('',(24.,35.,67.));
#2754=CARTESIAN_POINT('',(24.,35.,68.));
#2755=CARTESIAN_POINT('Origin',(23.5000000075025,17.9999996227713,67.));
#2756=CARTESIAN_POINT('',(23.2500000037512,1.,67.));
#2757=CARTESIAN_POINT('',(23.7500000037512,35.,67.));
#2758=CARTESIAN_POINT('Origin',(23.,35.,68.));
#2759=CARTESIAN_POINT('',(23.,35.,67.));
#2760=CARTESIAN_POINT('Origin',(12.,35.5,67.));
#2761=CARTESIAN_POINT('',(23.,36.,67.));
#2762=CARTESIAN_POINT('',(23.,35.25,67.));
#2763=CARTESIAN_POINT('',(1.,36.,67.));
#2764=CARTESIAN_POINT('',(1.,35.75,67.));
#2765=CARTESIAN_POINT('',(1.,36.,67.));
#2766=CARTESIAN_POINT('Origin',(0.,1.,68.));
#2767=CARTESIAN_POINT('',(1.,1.,0.));
#2768=CARTESIAN_POINT('',(0.,1.,36.));
#2769=CARTESIAN_POINT('',(0.25,1.,36.));
#2770=CARTESIAN_POINT('',(0.,1.,68.));
#2771=CARTESIAN_POINT('Origin',(23.,0.,68.));
#2772=CARTESIAN_POINT('',(23.,1.,36.));
#2773=CARTESIAN_POINT('',(23.,0.,68.));
#2774=CARTESIAN_POINT('Origin',(23.,1.,68.));
#2775=CARTESIAN_POINT('',(24.,1.,36.));
#2776=CARTESIAN_POINT('',(24.,1.,68.));
#2777=CARTESIAN_POINT('',(23.25,1.,36.));
#2778=CARTESIAN_POINT('Origin',(24.,35.,68.));
#2779=CARTESIAN_POINT('',(23.,35.,36.));
#2780=CARTESIAN_POINT('',(24.,35.,36.));
#2781=CARTESIAN_POINT('',(23.75,35.,36.));
#2782=CARTESIAN_POINT('',(24.,35.,68.));
#2783=CARTESIAN_POINT('Origin',(23.,35.,68.));
#2784=CARTESIAN_POINT('',(23.,36.,36.));
#2785=CARTESIAN_POINT('',(23.,36.,68.));
#2786=CARTESIAN_POINT('',(23.,35.25,36.));
#2787=CARTESIAN_POINT('Origin',(23.5,35.5,36.));
#2788=CARTESIAN_POINT('',(24.,0.,36.));
#2789=CARTESIAN_POINT('Origin',(23.5,0.5,0.));
#2790=CARTESIAN_POINT('',(24.,0.,0.));
#2791=CARTESIAN_POINT('',(0.,0.,0.));
#2792=CARTESIAN_POINT('',(24.,1.,0.));
#2793=CARTESIAN_POINT('Origin',(1.,35.,68.));
#2794=CARTESIAN_POINT('',(0.,35.,36.));
#2795=CARTESIAN_POINT('',(0.,35.,68.));
#2796=CARTESIAN_POINT('',(12.25,35.,36.));
#2797=CARTESIAN_POINT('',(1.,35.,36.));
#2798=CARTESIAN_POINT('Origin',(1.,36.,68.));
#2799=CARTESIAN_POINT('',(1.,36.,36.));
#2800=CARTESIAN_POINT('',(1.,35.75,36.));
#2801=CARTESIAN_POINT('',(1.,36.,68.));
#2802=CARTESIAN_POINT('Origin',(23.5,35.5,36.));
#2803=CARTESIAN_POINT('',(-2.32931369651874E-31,36.,36.));
#2804=CARTESIAN_POINT('Origin',(23.5,35.5,36.));
#2805=CARTESIAN_POINT('',(24.,36.,36.));
#2806=CARTESIAN_POINT('Origin',(1.,36.,36.));
#2807=CARTESIAN_POINT('',(1.,35.,0.));
#2808=CARTESIAN_POINT('',(1.,35.,36.));
#2809=CARTESIAN_POINT('',(1.,36.,0.));
#2810=CARTESIAN_POINT('',(1.,36.,0.));
#2811=CARTESIAN_POINT('',(1.,36.,36.));
#2812=CARTESIAN_POINT('Origin',(1.,35.,36.));
#2813=CARTESIAN_POINT('',(0.,35.,0.));
#2814=CARTESIAN_POINT('',(0.,35.,36.));
#2815=CARTESIAN_POINT('',(1.,35.,0.));
#2816=CARTESIAN_POINT('Origin',(0.5,35.5,0.));
#2817=CARTESIAN_POINT('',(0.,36.,0.));
#2818=CARTESIAN_POINT('',(24.,36.,0.));
#2819=CARTESIAN_POINT('',(0.,36.,0.));
#2820=CARTESIAN_POINT('Origin',(1.,1.,68.));
#2821=CARTESIAN_POINT('',(1.,0.,68.));
#2822=CARTESIAN_POINT('Origin',(0.5,0.5,68.));
#2823=CARTESIAN_POINT('',(0.,36.,68.));
#2824=CARTESIAN_POINT('',(0.,0.,68.));
#2825=CARTESIAN_POINT('',(0.,1.,68.));
#2826=CARTESIAN_POINT('',(23.,0.,68.));
#2827=CARTESIAN_POINT('',(0.,0.,68.));
#2828=CARTESIAN_POINT('',(24.,0.,68.));
#2829=CARTESIAN_POINT('',(24.,0.,68.));
#2830=CARTESIAN_POINT('',(24.,1.,68.));
#2831=CARTESIAN_POINT('',(24.,36.,68.));
#2832=CARTESIAN_POINT('',(24.,36.,68.));
#2833=CARTESIAN_POINT('',(0.,36.,68.));
#2834=CARTESIAN_POINT('Origin',(12.,35.5,35.));
#2835=CARTESIAN_POINT('',(24.,36.,35.));
#2836=CARTESIAN_POINT('Origin',(0.5,18.,35.));
#2837=CARTESIAN_POINT('',(-2.32931369651874E-31,36.,35.));
#2838=CARTESIAN_POINT('Origin',(23.,1.,36.));
#2839=CARTESIAN_POINT('',(23.,1.,35.));
#2840=CARTESIAN_POINT('',(23.,1.,36.));
#2841=CARTESIAN_POINT('Origin',(23.5,18.,35.));
#2842=CARTESIAN_POINT('',(24.,0.,35.));
#2843=CARTESIAN_POINT('Origin',(1.,1.,36.));
#2844=CARTESIAN_POINT('',(23.,1.,35.));
#2845=CARTESIAN_POINT('Origin',(12.,0.500000000000001,35.));
#2846=CARTESIAN_POINT('',(0.,0.,35.));
#2847=CARTESIAN_POINT('Origin',(24.,36.,36.));
#2848=CARTESIAN_POINT('',(24.,0.,68.));
#2849=CARTESIAN_POINT('',(24.,36.,0.));
#2850=CARTESIAN_POINT('',(24.,0.,0.));
#2851=CARTESIAN_POINT('',(24.,36.,68.));
#2852=CARTESIAN_POINT('Origin',(23.,36.,36.));
#2853=CARTESIAN_POINT('',(0.,36.,68.));
#2854=CARTESIAN_POINT('',(24.,36.,0.));
#2855=CARTESIAN_POINT('Origin',(23.5,35.5,0.));
#2856=CARTESIAN_POINT('Origin',(1.,1.,0.));
#2857=CARTESIAN_POINT('',(1.,1.,0.));
#2858=CARTESIAN_POINT('',(1.,1.,0.));
#2859=CARTESIAN_POINT('',(0.,1.,0.));
#2860=CARTESIAN_POINT('',(1.,1.,0.));
#2861=CARTESIAN_POINT('',(0.,1.,0.));
#2862=CARTESIAN_POINT('Origin',(1.,0.,0.));
#2863=CARTESIAN_POINT('',(1.,0.,0.));
#2864=CARTESIAN_POINT('',(1.,0.,0.));
#2865=CARTESIAN_POINT('',(1.,0.,0.));
#2866=CARTESIAN_POINT('Origin',(0.,0.,0.));
#2867=CARTESIAN_POINT('',(0.,0.,0.));
#2868=CARTESIAN_POINT('',(0.,0.,0.));
#2869=CARTESIAN_POINT('',(0.,0.,0.));
#2870=CARTESIAN_POINT('Origin',(0.,1.,0.));
#2871=CARTESIAN_POINT('',(0.,1.,0.));
#2872=CARTESIAN_POINT('Origin',(0.5,0.5,0.));
#2873=UNCERTAINTY_MEASURE_WITH_UNIT(LENGTH_MEASURE(0.000393700787401575),
#2878,'DISTANCE_ACCURACY_VALUE',
'Maximum model space distance between geometric entities at asserted c
onnectivities');
#2874=UNCERTAINTY_MEASURE_WITH_UNIT(LENGTH_MEASURE(0.000393700787401575),
#2878,'DISTANCE_ACCURACY_VALUE',
'Maximum model space distance between geometric entities at asserted c
onnectivities');
#2875=(
GEOMETRIC_REPRESENTATION_CONTEXT(3)
GLOBAL_UNCERTAINTY_ASSIGNED_CONTEXT((#2873))
GLOBAL_UNIT_ASSIGNED_CONTEXT((#2878,#2882,#2883))
REPRESENTATION_CONTEXT('','3D')
);
#2876=(
GEOMETRIC_REPRESENTATION_CONTEXT(3)
GLOBAL_UNCERTAINTY_ASSIGNED_CONTEXT((#2874))
GLOBAL_UNIT_ASSIGNED_CONTEXT((#2878,#2882,#2883))
REPRESENTATION_CONTEXT('','3D')
);
#2877=DIMENSIONAL_EXPONENTS(1.,0.,0.,0.,0.,0.,0.);
#2878=(
CONVERSION_BASED_UNIT('inch',#2881)
LENGTH_UNIT()
NAMED_UNIT(#2877)
);
#2879=(
LENGTH_UNIT()
NAMED_UNIT(*)
SI_UNIT(.MILLI.,.METRE.)
);
#2880=(
LENGTH_UNIT()
NAMED_UNIT(*)
SI_UNIT($,.METRE.)
);
#2881=LENGTH_MEASURE_WITH_UNIT(LENGTH_MEASURE(25.4),#2879);
#2882=(
NAMED_UNIT(*)
PLANE_ANGLE_UNIT()
SI_UNIT($,.RADIAN.)
);
#2883=(
NAMED_UNIT(*)
SI_UNIT($,.STERADIAN.)
SOLID_ANGLE_UNIT()
);
#2884=SHAPE_DEFINITION_REPRESENTATION(#2885,#2886);
#2885=PRODUCT_DEFINITION_SHAPE('',$,#2888);
#2886=SHAPE_REPRESENTATION('',(#1827),#2875);
#2887=PRODUCT_DEFINITION_CONTEXT('part definition',#2892,'design');
#2888=PRODUCT_DEFINITION('2026-04-06-11-05-22-713','Shelf',#2889,#2887);
#2889=PRODUCT_DEFINITION_FORMATION('',$,#2894);
#2890=PRODUCT_RELATED_PRODUCT_CATEGORY('Shelf','Shelf',(#2894));
#2891=APPLICATION_PROTOCOL_DEFINITION('international standard',
'automotive_design',2009,#2892);
#2892=APPLICATION_CONTEXT(
'Core Data for Automotive Mechanical Design Process');
#2893=PRODUCT_CONTEXT('part definition',#2892,'mechanical');
#2894=PRODUCT('2026-04-06-11-05-22-713','Shelf',$,(#2893));
#2895=PRESENTATION_STYLE_ASSIGNMENT((#2896));
#2896=SURFACE_STYLE_USAGE(.BOTH.,#2897);
#2897=SURFACE_SIDE_STYLE('',(#2898));
#2898=SURFACE_STYLE_FILL_AREA(#2899);
#2899=FILL_AREA_STYLE('Steel - Satin',(#2900));
#2900=FILL_AREA_STYLE_COLOUR('Steel - Satin',#2901);
#2901=COLOUR_RGB('Steel - Satin',0.627450980392157,0.627450980392157,0.627450980392157);
ENDSEC;
END-ISO-10303-21;
